"motion","bundle_present","review_status","description"
"mot_00_00010","yes","confirmed","通常立ち"
"mot_00_00011","yes","confirmed","気を付け立ち"
"mot_00_00020","yes","confirmed","通常喋り＞体右向き"
"mot_00_00040","yes","confirmed","左方向に移動する"
"mot_00_00050","yes","confirmed","驚く（小）"
"mot_00_00051","yes","confirmed","マイク片手に驚く（小）"
"mot_00_00060","yes","confirmed","驚く（中）"
"mot_00_00070","yes","confirmed","驚く（大）"
"mot_00_00071","yes","confirmed","驚く（大）"
"mot_00_00080","yes","confirmed","驚く（全身）"
"mot_00_00090","yes","confirmed","怒る（小）"
"mot_00_00100","yes","confirmed","怒る（中）"
"mot_00_00101","yes","confirmed","マイク片手に怒る（中）"
"mot_00_00110","yes","confirmed","怒る（大）"
"mot_00_00120","yes","confirmed","怒る（全身）"
"mot_00_00121","yes","confirmed","怒る（全身／正面向き）"
"mot_00_00130","yes","confirmed","喜ぶ（小）"
"mot_00_00140","yes","confirmed","喜ぶ（中）"
"mot_00_00150","yes","confirmed","喜ぶ（大）"
"mot_00_00160","yes","confirmed","喜ぶ（全身）"
"mot_00_00170","yes","confirmed","泣く（小）"
"mot_00_00190","yes","confirmed","泣く（大）"
"mot_00_00210","yes","confirmed","笑う（小）"
"mot_00_00220","yes","confirmed","笑う（中）"
"mot_00_00230","yes","confirmed","笑う（大）"
"mot_00_00240","yes","confirmed","うつむく（下方向）"
"mot_00_00241","yes","confirmed","うつむくから右下を見る"
"mot_00_00242","yes","no_comment",""
"mot_00_00243","yes","no_comment",""
"mot_00_00250","yes","confirmed","うつむく（横方向）"
"mot_00_00251","yes","confirmed","うつむく（横方向回転緩和）"
"mot_00_00260","yes","confirmed","1度うなずく"
"mot_00_00261","yes","confirmed","1度うなずく"
"mot_00_00270","yes","confirmed","横に首を振る（遅）"
"mot_00_00271","yes","confirmed","マイク片手に横に首を振る（遅）"
"mot_00_00280","yes","confirmed","2度うなずく"
"mot_00_00281","yes","confirmed","三度頷く"
"mot_00_00290","yes","confirmed","横に首を振る（速）"
"mot_00_00300","yes","confirmed","背中を見せてから振り向く"
"mot_00_00310","yes","confirmed","背中を見せて後ろで手を組む"
"mot_00_00320","yes","confirmed","うなだれる"
"mot_00_00330","yes","confirmed","両手に腰を当ててうなずく"
"mot_00_00340","yes","confirmed","頑張るぞい"
"mot_00_00350","yes","confirmed","手を振る"
"mot_00_00351","yes","confirmed","手を振り続ける"
"mot_00_00360","yes","confirmed","大きく手を振る"
"mot_00_00370","yes","confirmed","やれやれ"
"mot_00_00371","yes","confirmed","やれやれ"
"mot_00_00380","yes","confirmed","引く・来ないで～"
"mot_00_00390","yes","confirmed","前のめりになる"
"mot_00_00400","yes","confirmed","顔を覆う（横向き）"
"mot_00_00410","yes","confirmed","涙をぬぐう"
"mot_00_00420","yes","confirmed","上を向く（右）"
"mot_00_00421","yes","confirmed","上を向く（正面）"
"mot_00_00430","yes","confirmed","祈る"
"mot_00_00431","yes","confirmed","祈る"
"mot_00_00440","yes","confirmed","覗き込む"
"mot_00_00441","yes","no_comment",""
"mot_00_00450","yes","confirmed","あごに両手を添えて期待する"
"mot_00_00460","yes","confirmed","両手を広げて受け入れる"
"mot_00_00461","yes","confirmed","両手を広げて受け入れる片手マイク"
"mot_00_00470","yes","confirmed","身構える"
"mot_00_00480","yes","confirmed","胸に手を置く（片手）"
"mot_00_00481","yes","confirmed","胸に手を置く（片手）マフラー用"
"mot_00_00482","yes","confirmed","胸の高め位置に手を置く"
"mot_00_00483","yes","confirmed","襟元(胸)に手を置く"
"mot_00_00490","yes","confirmed","胸に手を置く（両手）"
"mot_00_00491","yes","confirmed","胸に手を置く（両手）マフラー用"
"mot_00_00492","yes","confirmed","胸のあたりで両手を重ねて小物を持つ"
"mot_00_00500","yes","confirmed","体を左右に揺らしながらもじもじ"
"mot_00_00510","yes","confirmed","頭を抱える"
"mot_00_00511","yes","confirmed","頭を抱える（正面向き静止）"
"mot_00_00520","yes","confirmed","否定する"
"mot_00_00530","yes","confirmed","否定する（大）"
"mot_00_00540","yes","confirmed","腕を組む"
"mot_00_00541","yes","confirmed","腕を組む"
"mot_00_00550","yes","confirmed","首をかしげる"
"mot_00_00560","yes","confirmed","背伸びをする"
"mot_00_00561","yes","confirmed","背伸びをする"
"mot_00_00570","yes","confirmed","勢いよく手を上げる"
"mot_00_00571","yes","no_comment",""
"mot_00_00590","yes","confirmed","お腹を抱えて笑う"
"mot_00_00600","yes","needs_review",""
"mot_00_00610","yes","confirmed","考える"
"mot_00_00611","yes","confirmed","考える慈"
"mot_00_00630","yes","confirmed","額に手を当てて困る"
"mot_00_00631","yes","confirmed","額に手を当てて困る梢用"
"mot_00_00640","yes","confirmed","ガッツポーズ（小）"
"mot_00_00650","yes","confirmed","ガッツポーズ（中）"
"mot_00_00651","yes","confirmed","マイク片手にガッツポーズ（中）"
"mot_00_00660","yes","confirmed","ガッツポーズ（大）"
"mot_00_00680","yes","confirmed","溜息をつく（右）"
"mot_00_00690","yes","confirmed","こめかみ辺りを掻く（人差し指で）"
"mot_00_00691","yes","confirmed","こめかみ辺りを掻く（人差し指で）"
"mot_00_00700","yes","confirmed","頭をかく"
"mot_00_00701","yes","confirmed","頭をかく慈用"
"mot_00_00703","yes","confirmed","頭をかく"
"mot_00_00710","yes","confirmed","両手を腰に当てる"
"mot_00_00711","yes","confirmed","両手を腰に当てるポーズ"
"mot_00_00720","yes","confirmed","指さし（正面）"
"mot_00_00740","yes","confirmed","頬に手をそえる"
"mot_00_00770","yes","confirmed","呆れる"
"mot_00_00780","yes","confirmed","拍手（遅）"
"mot_00_00790","yes","confirmed","拍手（速）"
"mot_00_00800","yes","confirmed","あざといお願い"
"mot_00_00801","yes","confirmed","あざといお願い慈用"
"mot_00_00802","yes","confirmed","あざといお願い花帆"
"mot_00_00810","yes","confirmed","謝る、お願い"
"mot_00_00811","yes","confirmed","頭を下げる（マイク有）"
"mot_00_00812","yes","no_comment",""
"mot_00_00813","yes","no_comment",""
"mot_00_00820","yes","confirmed","身体を少し右に揺らす"
"mot_00_00850","yes","confirmed","人差し指を合わせながらもじもじ"
"mot_00_00851","yes","confirmed","人差し指を合わせながらもじもじ身体正面"
"mot_00_00860","yes","confirmed","胸の前でバツ"
"mot_00_00861","yes","confirmed","顔の前でバツ"
"mot_00_00870","yes","confirmed","宣誓する"
"mot_00_00871","yes","confirmed","宣誓する（ジャンプカット、腕上め）"
"mot_00_00880","yes","confirmed","指折り数える"
"mot_00_00890","yes","confirmed","壮大に両手を上に広げる"
"mot_00_00900","yes","confirmed","縮こまったあと両手を広げる"
"mot_00_00901","yes","confirmed","縮こまる"
"mot_00_00930","yes","confirmed","身体ごと左右を見渡す"
"mot_00_00940","yes","confirmed","腕を伸ばしてピースサイン"
"mot_00_01010","yes","confirmed","じたばた暴れる"
"mot_00_01020","yes","confirmed","手のひらを見る"
"mot_00_01021","yes","confirmed","手のひらを見るポーズ"
"mot_00_01022","yes","confirmed","手のひらを見るポーズ片手胸元"
"mot_00_01030","yes","confirmed","膝に手を当ててかがむ"
"mot_00_01031","yes","confirmed","膝に手を当ててかがむ目線調整"
"mot_00_01032","yes","confirmed","膝に手を当ててかがんだまま顔を上げる"
"mot_00_01033","yes","confirmed","膝に手を当ててかがんだまま顔を上げる"
"mot_00_01040","yes","confirmed","首を振ってくやしがる"
"mot_00_01060","yes","confirmed","よく見て確認"
"mot_00_01071","yes","confirmed","お姫様だっこ（花帆）"
"mot_00_01081","yes","confirmed","お姫様だっこ（梢）"
"mot_00_01130","yes","confirmed","顎に手を当てて引く"
"mot_00_01132","yes","confirmed","抱き着く花帆"
"mot_00_01133","yes","confirmed","抱き着かれる瑠璃乃"
"mot_00_01134","yes","confirmed","抱きしめている"
"mot_00_01135","yes","no_comment",""
"mot_00_01140","yes","confirmed","後頭部をなでる"
"mot_00_01141","yes","confirmed","後頭部をなでる（正面・近め）"
"mot_00_01142","yes","confirmed","後頭部をなでる"
"mot_00_01143","yes","confirmed","後頭部をなでる"
"mot_00_01144","yes","confirmed","半歩近づいて後頭部をなでる"
"mot_00_01270","yes","confirmed","覗き込む"
"mot_00_01271","yes","confirmed","覗き込む"
"mot_00_01280","yes","confirmed","走る"
"mot_00_01281","yes","no_comment",""
"mot_00_01282","yes","confirmed","走る3"
"mot_00_01283","yes","confirmed","走る3から止まる"
"mot_00_01284","yes","confirmed","走る2"
"mot_00_01285","yes","confirmed","走る2から止まる"
"mot_00_01286","yes","confirmed","走る2"
"mot_00_01287","yes","needs_review",""
"mot_00_01290","yes","confirmed","やぶく"
"mot_00_01291","yes","confirmed","紙を破り捨てる"
"mot_00_01300","yes","confirmed","落ち着かせようとする"
"mot_00_01310","yes","confirmed","胸を手でたたく"
"mot_00_01320","yes","confirmed","トルソーを紹介する"
"mot_00_01321","yes","confirmed","スーツケースを両手で紹介する"
"mot_00_01330","yes","confirmed","手を差し出す（梢）"
"mot_00_01340","yes","confirmed","さやか用の照れるモーション"
"mot_00_01350","yes","confirmed","咳払いをする"
"mot_00_01351","yes","confirmed","咳払いをする慈"
"mot_00_01370","yes","confirmed","左にダッシュではける"
"mot_00_01380","yes","confirmed","マイクを片手に大きく手を振る"
"mot_00_01381","yes","confirmed","マイクを片手に指差し＆遠くを見る"
"mot_00_01382","yes","confirmed","マイクを片手に正面に手を振る"
"mot_00_01383","yes","confirmed","マイクを片手に飛び跳ねる"
"mot_00_01384","yes","confirmed","マイク片手に辺りを見渡す"
"mot_00_01390","yes","confirmed","こめかみを抑える"
"mot_00_01400","yes","confirmed","顎に手を当てて悩む"
"mot_00_01410","yes","confirmed","落ち着かせる"
"mot_00_01420","yes","confirmed","手を差し伸べて慌てる"
"mot_00_01430","yes","confirmed","顎に手を当てて近づく"
"mot_00_01450","yes","confirmed","スマホを見せる"
"mot_00_01451","yes","confirmed","スマホを見せる"
"mot_00_01452","yes","confirmed","紙を掲げて見せる"
"mot_00_01453","yes","confirmed","紙を掲げて見せる（指をまっすぐに修正が必要かも）"
"mot_00_01460","yes","confirmed","スマホを持ちながらもたもたする"
"mot_00_01461","yes","confirmed","スマホ画面をタップして停止"
"mot_00_01470","yes","confirmed","スマホを取り上げられる"
"mot_00_01480","yes","confirmed","スマホをテキパキ操作する"
"mot_00_01481","yes","confirmed","スマホをスワイプする"
"mot_00_01490","yes","confirmed","ハッとして謝る"
"mot_00_01500","yes","confirmed","あたふたする"
"mot_00_01520","yes","confirmed","頬に人差し指をあてて考える"
"mot_00_01521","yes","confirmed","マイク片手に頬に指をあてて考える"
"mot_00_01522","yes","confirmed","頬に人差し指をあてて考える貫通対策"
"mot_00_01530","yes","confirmed","頬に指を当てて首をかしげる"
"mot_00_01531","yes","confirmed","スマホ片手に頬に指を当てて首をかしげる"
"mot_00_01532","yes","confirmed","頬に指を当てる"
"mot_00_01533","yes","confirmed","頬に指を当てて首をかしげる慈対応"
"mot_00_01540","yes","confirmed","手を伸ばして引き止める（左）"
"mot_00_01541","yes","confirmed","足元を指さす"
"mot_00_01550","yes","confirmed","片手を上げる"
"mot_00_01560","yes","confirmed","腕を掴んでうつむく（正面）"
"mot_00_01570","yes","confirmed","手をグーにしてうつむく"
"mot_00_01580","yes","confirmed","人差し指を立てる"
"mot_00_01581","yes","confirmed","人差し指を立てる"
"mot_00_01582","yes","confirmed","人差し指を立てる"
"mot_00_01600","yes","confirmed","胸元で手を握る（片手）"
"mot_00_01610","yes","confirmed","腕を掴んでうつむく（左）"
"mot_00_01620","yes","confirmed","後ろで手を組む（両手・左重心）"
"mot_00_01621","yes","confirmed","後ろで手を組む（両手・右重心）"
"mot_00_01630","yes","confirmed","後ろで腕を掴む"
"mot_00_01631","yes","confirmed","後ろで腕を掴むうつむき"
"mot_00_01640","yes","confirmed","前で手首を掴む"
"mot_00_01650","yes","confirmed","腰に片手を当てる（左）"
"mot_00_01651","yes","confirmed","マイク片手に腰に手を当てる（左）"
"mot_00_01652","yes","confirmed","片手を腰に当てる（左）顔正面"
"mot_00_01660","yes","confirmed","両手を胸の前で握って立つ"
"mot_00_01670","yes","confirmed","両手を肩の前で握って立つ"
"mot_00_01680","yes","confirmed","ラブライブ立ち（手を後ろにやや胸を張る）"
"mot_00_01690","yes","confirmed","手を握ったラブライブ立ち"
"mot_00_01700","yes","confirmed","手を身体の前で重ねて立つ"
"mot_00_01710","yes","confirmed","右重心のラブライブ立ち"
"mot_00_01720","yes","confirmed","髪をかき上げるポーズ"
"mot_00_01730","yes","confirmed","えいえいおー"
"mot_00_01740","yes","confirmed","怯える"
"mot_00_01750","yes","confirmed","荒い呼吸"
"mot_00_01751","yes","confirmed","荒い呼吸2"
"mot_00_01760","yes","confirmed","疲れた状態で話を聞いている"
"mot_00_01770","yes","confirmed","ボトルを差し出す"
"mot_00_01772","yes","confirmed","ボトルを差し出す"
"mot_00_01780","yes","confirmed","飲み物を飲む（ボトル）"
"mot_00_01790","yes","confirmed","足元を覗き込む"
"mot_00_01791","yes","confirmed","足元を覗き込む（手広げカット）"
"mot_00_01800","yes","confirmed","衝撃で胸を押さえる"
"mot_00_01810","yes","confirmed","片足をかばう動作"
"mot_00_01820","yes","no_comment",""
"mot_00_01830","yes","confirmed","左上に手を伸ばす"
"mot_00_01840","yes","no_comment",""
"mot_00_01850","yes","no_comment",""
"mot_00_01860","yes","confirmed","駆け寄る（正面）"
"mot_00_01870","yes","confirmed","顎に手を当てて引く"
"mot_00_01880","yes","confirmed","頭を下げる（小）"
"mot_00_01890","yes","confirmed","頭を下げる（中）"
"mot_00_01891","yes","confirmed","片手マイクで頭を下げる（中）"
"mot_00_01900","yes","confirmed","頭を下げる（大）"
"mot_00_01901","yes","confirmed","頭を下げる（大）"
"mot_00_01910","yes","confirmed","引き留めるように小さく手を伸ばす"
"mot_00_01930","yes","confirmed","にっこにこ"
"mot_00_01940","yes","confirmed","うつむいて横に首を振る（速）"
"mot_00_01950","yes","confirmed","顔をこすって涙を拭く"
"mot_00_01960","yes","confirmed","つんのめる花帆"
"mot_00_01970","yes","confirmed","ノートをめくる"
"mot_00_01980","yes","confirmed","ノートを見て静止"
"mot_00_01981","yes","confirmed","本を見て静止"
"mot_00_01990","yes","confirmed","ノートを探す"
"mot_00_02030","yes","confirmed","マイクを片手に身を乗り出す"
"mot_00_02040","yes","needs_review",""
"mot_00_02041","yes","confirmed","スリーズブーケ"
"mot_00_02042","yes","needs_review",""
"mot_00_02050","yes","confirmed","マイクを片手に胸に手を当てる"
"mot_00_02060","yes","confirmed","マイク片手に手を差し出す"
"mot_00_02070","yes","confirmed","引きずられ"
"mot_00_02071","yes","confirmed","引きずり"
"mot_00_02080","yes","confirmed","手をお腹の前で合わせる"
"mot_00_02081","yes","confirmed","手をお腹の前で合わせて首をかしげる"
"mot_00_02082","yes","confirmed","頬に手を当てて首を軽く傾げる"
"mot_00_02090","yes","confirmed","ちちんぷいぷい"
"mot_00_02100","yes","confirmed","お腹の前で祈る"
"mot_00_02101","yes","confirmed","左を向く"
"mot_00_02102","yes","confirmed","左を向く頭水平"
"mot_00_02103","yes","confirmed","左を向く左手マイク"
"mot_00_02110","yes","confirmed","腕まくりをする"
"mot_00_02120","yes","confirmed","拳をこめかみにあてる"
"mot_00_02130","yes","confirmed","軽めのため息"
"mot_00_02140","yes","confirmed","前のめりになる（ためる）"
"mot_00_02141","yes","confirmed","目元に手を当てて泣く"
"mot_00_02142","yes","confirmed","目元に手を当てて泣くポーズ"
"mot_00_02150","yes","confirmed","ゆっくり見回す"
"mot_00_02151","yes","confirmed","挙動不審に見回す"
"mot_00_02160","yes","confirmed","荷物を持ち上げる"
"mot_00_02161","yes","confirmed","荷物を置く"
"mot_00_02170","yes","confirmed","手を伸ばして引き止める（右）"
"mot_00_02180","yes","confirmed","驚く（横）"
"mot_00_02190","yes","confirmed","肩をすくめる（照れ）"
"mot_00_02200","yes","confirmed","歩いていく花帆"
"mot_00_02201","yes","confirmed","歩いていく花帆差分"
"mot_00_02210","yes","confirmed","歩いていく梢"
"mot_00_02220","yes","confirmed","おねがい"
"mot_00_02221","yes","confirmed","おねがい"
"mot_00_02222","yes","confirmed","おねがい梢用"
"mot_00_02223","yes","confirmed","おねがい梢用"
"mot_00_02230","yes","confirmed","机に手をついて急に立ち上がるさやか"
"mot_00_02240","yes","confirmed","まあまあ"
"mot_00_02250","yes","confirmed","敬礼"
"mot_00_02251","yes","confirmed","敬礼2"
"mot_00_02260","yes","confirmed","首をかしげる（左）"
"mot_00_02270","yes","confirmed","片手を顔の近くで握りしめる（右）"
"mot_00_02280","yes","confirmed","両手を顎の下で重ねる"
"mot_00_02281","yes","confirmed","両手を顎の下で重ねる差分"
"mot_00_02290","yes","confirmed","顎に手を当てて首をかしげる（左）"
"mot_00_02291","yes","confirmed","顎に手を当てて首をかしげる（左）慈対応"
"mot_00_02292","yes","confirmed","顎に指を当ててやや前のめり慈対応"
"mot_00_02310","yes","confirmed","奥から怒り気味で歩いてくるさやか"
"mot_00_02320","yes","confirmed","えだまめ（上手）"
"mot_00_02330","yes","confirmed","えだまめ（普通）"
"mot_00_02340","yes","confirmed","えだまめ（下手）"
"mot_00_02350","yes","confirmed","そらまめ（上手）"
"mot_00_02360","yes","confirmed","そらまめ（普通）"
"mot_00_02370","yes","confirmed","振り向く"
"mot_00_02371","yes","confirmed","上半身だけ振り向く"
"mot_00_02372","yes","confirmed","上半身だけ右に振り向く"
"mot_00_02373","yes","confirmed","上半身だけ右に振り向く顎ひかない"
"mot_00_02380","yes","confirmed","お麩。（成功/綴理）"
"mot_00_02390","yes","confirmed","お麩。（成功/さやか）"
"mot_00_02400","yes","confirmed","お麩。（硬い赤巻）"
"mot_00_02410","yes","confirmed","お麩。（貝）"
"mot_00_02420","yes","confirmed","振り返る"
"mot_00_02430","yes","needs_review",""
"mot_00_02431","yes","no_comment",""
"mot_00_02450","yes","confirmed","うつむき→ハッとして顔を上げるモーション"
"mot_00_02451","yes","confirmed","うつむき→ハッとして顔を上げる"
"mot_00_02460","yes","confirmed","驚いて振り向く"
"mot_00_02470","yes","confirmed","両手でピースするモーション"
"mot_00_02480","yes","confirmed","スマホを構える"
"mot_00_02490","yes","confirmed","顎に手を当てる（片手）"
"mot_00_02500","yes","confirmed","画面を操作して動画を見せる"
"mot_00_02501","yes","no_comment",""
"mot_00_02510","yes","confirmed","スマホを覗く"
"mot_00_02511","yes","no_comment",""
"mot_00_02520","yes","confirmed","汗をぬぐう"
"mot_00_02530","yes","confirmed","スケート靴を履いた時によろける"
"mot_00_02540","yes","confirmed","スケートを滑るさやか"
"mot_00_02550","yes","confirmed","感極まる"
"mot_00_02560","yes","confirmed","さかなをもつ"
"mot_00_02570","yes","confirmed","ハロめぐー"
"mot_00_02571","yes","confirmed","着座ハロめぐー"
"mot_00_02572","yes","confirmed","マイク片手にハロめぐー"
"mot_00_02580","yes","confirmed","バイめぐー"
"mot_00_02590","yes","confirmed","釣りのジェスチャー"
"mot_00_02600","yes","confirmed","スマホをテキパキ操作する"
"mot_00_02610","yes","confirmed","片手にスマホをもったまま首をかしげる"
"mot_00_02620","yes","confirmed","マイクを持った状態での待機モーション"
"mot_00_02630","yes","confirmed","傘をさしだす"
"mot_00_02640","yes","confirmed","さやかのほっぺを両側から挟む綴理"
"mot_00_02641","yes","confirmed","さやかのほっぺを両側から挟む綴理"
"mot_00_02650","yes","confirmed","配信をきる"
"mot_00_02651","yes","confirmed","三回ノックする"
"mot_00_02660","yes","confirmed","両手で「おーい！」と叫ぶようなモーション"
"mot_00_02661","yes","confirmed","フラワー"
"mot_00_02670","yes","confirmed","寒がって左右の手で二の腕をさする"
"mot_00_02680","yes","confirmed","両手でマイクを持って話す"
"mot_00_02690","yes","confirmed","マイクを持って胸もとで手を握ってうつむく"
"mot_00_02700","yes","confirmed","マイクを持ちながらうつむく"
"mot_00_02701","yes","confirmed","マイクを持ちながらうつむく"
"mot_00_02710","yes","confirmed","DOLLCHESTRA（ドルケストラ）"
"mot_00_02711","yes","confirmed","DOLLCHESTRA（ドルケストラ）"
"mot_00_02720","yes","needs_review",""
"mot_00_02721","yes","confirmed","上方の物を取るために背伸び"
"mot_00_02730","yes","confirmed","ノートをのぞきこむ"
"mot_00_02740","yes","confirmed","よろける花帆"
"mot_00_02750","yes","confirmed","よろけた花帆を支えるさやか"
"mot_00_02770","yes","confirmed","4本の指を立てて手を突き出す"
"mot_00_02771","yes","confirmed","スマホを正面に見せる"
"mot_00_02772","yes","confirmed","三本指を立てる"
"mot_00_02780","yes","confirmed","ドリビリポーズ綴理"
"mot_00_02781","yes","confirmed","どりびり2"
"mot_00_02790","yes","confirmed","ドリビリポーズ梢"
"mot_00_02791","yes","confirmed","どりびり2"
"mot_00_02800","yes","confirmed","はぐ"
"mot_00_02810","yes","needs_review",""
"mot_00_02811","yes","confirmed","はぐ手下す"
"mot_00_02812","yes","no_comment",""
"mot_00_02813","yes","no_comment",""
"mot_00_02820","yes","confirmed","背中を押して人を動かす"
"mot_00_02830","yes","confirmed","背中を押されて歩きだす"
"mot_00_02840","yes","confirmed","顎に手を当てて考える"
"mot_00_02841","yes","confirmed","顎に手を当てて考える"
"mot_00_02850","yes","confirmed","左を向く"
"mot_00_02851","yes","needs_review",""
"mot_00_02852","yes","confirmed","顔を見合わせて止まる左"
"mot_00_02853","yes","confirmed","顔を見合わせて止まる右"
"mot_00_02860","yes","needs_review",""
"mot_00_02870","yes","confirmed","バイバイループ綴理想定"
"mot_00_02880","yes","confirmed","左手で陽光を遮りながらやや上を見る"
"mot_00_02890","yes","confirmed","大げさに肩を落とす"
"mot_00_02900","yes","confirmed","全身で道案内して敬礼"
"mot_00_02910","yes","confirmed","グッドグッドを繰り返す"
"mot_00_02911","yes","confirmed","グッドグッドを繰り返す"
"mot_00_02912","yes","confirmed","片手でグッド1回"
"mot_00_02913","yes","confirmed","片手でグッドぼんやり"
"mot_00_02914","yes","confirmed","両手でグッドポーズだけ"
"mot_00_02920","yes","confirmed","耳打ちする"
"mot_00_02921","yes","confirmed","耳打ちする"
"mot_00_02930","yes","confirmed","耳打ちを受ける"
"mot_00_02940","yes","confirmed","ちょいや！"
"mot_00_02941","yes","no_comment",""
"mot_00_02960","yes","confirmed","部室をミュージカル風に紹介"
"mot_00_02970","yes","confirmed","急に胸を抑える"
"mot_00_02980","yes","confirmed","座ってる人に耳打ちする"
"mot_00_02990","yes","confirmed","鬼のジェスチャー"
"mot_00_03010","yes","confirmed","恥ずかしげに頬をかく"
"mot_00_03011","yes","confirmed","恥ずかしげに頬をかく身体揺れ抑制"
"mot_00_03020","yes","confirmed","頭に拳をこつんと当てるてへぺろポーズ"
"mot_00_03030","yes","confirmed","バットを振る上手い"
"mot_00_03031","yes","confirmed","バットを振る普通"
"mot_00_03032","yes","confirmed","バットを振る下手"
"mot_00_03040","yes","confirmed","ラムネをのむ"
"mot_00_03050","yes","confirmed","ラムネがあふれる"
"mot_00_03060","yes","confirmed","退部届を渡す"
"mot_00_03061","yes","confirmed","両手で紙を渡す"
"mot_00_03062","yes","confirmed","両手で紙を渡す_拾い上げ部カット"
"mot_00_03063","yes","confirmed","両手で紙を渡す"
"mot_00_03070","yes","confirmed","コップに水を注いで渡す"
"mot_00_03080","yes","confirmed","コップを受け取ってしずしずと飲む"
"mot_00_03081","yes","needs_review",""
"mot_00_03090","yes","confirmed","左手でおいでおいでをする"
"mot_00_03100","yes","confirmed","望遠鏡を覗きこむ"
"mot_00_03101","yes","confirmed","通常立ち"
"mot_00_03110","yes","confirmed","右側のものを自信満々に紹介する"
"mot_00_03111","yes","confirmed","左側のものを遠慮がちに紹介する"
"mot_00_03120","yes","confirmed","スマホを横にして両手で持つ"
"mot_00_03130","yes","confirmed","両手を突き上げて喝采する"
"mot_00_03140","yes","confirmed","海を見つけて走り出す花帆用"
"mot_00_03141","yes","confirmed","海を見つけて走り出す瑠璃乃用"
"mot_00_03150","yes","confirmed","準備体操さやか水着用"
"mot_00_03151","yes","confirmed","準備体操綴理水着用"
"mot_00_03152","yes","confirmed","準備体操腕を伸ばすまで"
"mot_00_03153","yes","confirmed","準備体操腕を伸ばしたあとから伸脚まで"
"mot_00_03154","yes","confirmed","準備体操腕を伸ばしたあとから伸脚まで"
"mot_00_03160","yes","confirmed","日差しに照らされながら立つ梢用"
"mot_00_03170","yes","confirmed","飛びかかる直前のポーズ"
"mot_00_03171","yes","confirmed","がおー控えめ"
"mot_00_03172","yes","confirmed","指をわきわきと動かす"
"mot_00_03173","yes","confirmed","うらめしやポーズ"
"mot_00_03180","yes","confirmed","コミカルに怒りで震える"
"mot_00_03190","yes","confirmed","左に歩いて抱き着くように頭を寄せる"
"mot_00_03200","yes","confirmed","両隣の人の肩を叩く"
"mot_00_03210","yes","confirmed","片手で枕を投げるさやか想定"
"mot_00_03211","yes","confirmed","両手で枕を投げる瑠璃乃想定"
"mot_00_03220","yes","confirmed","疲れて前かがみで荒く呼吸する"
"mot_00_03222","yes","confirmed","前かがみのまま顔を上げる"
"mot_00_03224","yes","no_comment",""
"mot_00_03230","yes","confirmed","口元に手を当てて笑う"
"mot_00_03240","yes","confirmed","ノートひらひら"
"mot_00_03241","yes","confirmed","CDケースを見せて渡す"
"mot_00_03242","yes","confirmed","ノートを見せたあと机に置く"
"mot_00_03243","yes","confirmed","紙を片手で取り上げて渡す"
"mot_00_03244","yes","confirmed","手に持ったCDを見せる"
"mot_00_03245","yes","confirmed","ケース入CDを見せる"
"mot_00_03250","yes","confirmed","靴を手に取る"
"mot_00_03260","yes","confirmed","足を叩く"
"mot_00_03261","yes","confirmed","足を叩く"
"mot_00_03270","yes","confirmed","手を包む"
"mot_00_03271","yes","confirmed","手を包む"
"mot_00_03280","yes","confirmed","肩に手をやる"
"mot_00_03281","yes","confirmed","肩に手をやる"
"mot_00_03290","yes","confirmed","エネルギーをおくる"
"mot_00_03291","yes","confirmed","エネルギーをおくる"
"mot_00_03300","yes","confirmed","頭上で拝む"
"mot_00_03301","yes","confirmed","頭上で拝む"
"mot_00_03310","yes","confirmed","靴を発見して撫でる瑠璃乃"
"mot_00_03320","yes","confirmed","ノック"
"mot_00_03340","yes","confirmed","ころぶ"
"mot_00_03341","yes","confirmed","ささえる"
"mot_00_03350","yes","confirmed","みらくらぱーく"
"mot_00_03360","yes","needs_review",""
"mot_00_03380","yes","confirmed","両手を広げて受け入れる"
"mot_00_03381","yes","confirmed","瑠璃乃の胸にとびこむ"
"mot_00_03382","yes","confirmed","両手を広げて受け入れる"
"mot_00_03383","yes","confirmed","瑠璃乃の胸にとびこむ"
"mot_00_03390","yes","confirmed","のけぞる"
"mot_00_03391","yes","confirmed","顔をあげる"
"mot_00_03400","yes","needs_review",""
"mot_00_03410","yes","confirmed","向かって右の手にマイクを持って手を振るループ"
"mot_00_03420","yes","confirmed","左の手にスマホを持って通話する"
"mot_00_03421","yes","no_comment",""
"mot_00_03425","yes","confirmed","左の手にスマホを持ったまま前傾"
"mot_00_03430","yes","confirmed","指を顎に当ててあざとくとぼける"
"mot_00_03431","yes","confirmed","指を顎に当てて控えめにとぼける"
"mot_00_03432","yes","confirmed","わざとらしくあざとくとぼける"
"mot_00_03450","yes","confirmed","背中を押されるさやか"
"mot_00_03451","yes","confirmed","背中を押す綴理"
"mot_00_03460","yes","confirmed","右隣の瑠璃乃の頭をポンポンする慈"
"mot_00_03470","yes","confirmed","深々と礼をして案内する慈"
"mot_00_03471","yes","confirmed","左を手で示す"
"mot_00_03480","yes","confirmed","元素を感じる慈"
"mot_00_03490","yes","needs_review",""
"mot_00_03500","yes","confirmed","引き分けを宣言する慈"
"mot_00_03510","yes","confirmed","おー！で拳を突き上げる（花帆）"
"mot_00_03511","yes","confirmed","拳を突き上げる(梢)"
"mot_00_03512","yes","confirmed","拳を突き上げる(さやか)"
"mot_00_03513","yes","confirmed","拳を突き上げる(綴理)"
"mot_00_03514","yes","confirmed","拳を突き上げる(瑠璃乃)"
"mot_00_03515","yes","confirmed","拳を突き上げる(慈)"
"mot_00_03516","yes","confirmed","拳を突き挙げる(花帆)横移動抑えめ"
"mot_00_03520","yes","confirmed","マイク持ち近場の観客を指さす"
"mot_00_03530","yes","confirmed","マイク持ち観客を煽るように耳を傾ける"
"mot_00_03540","yes","confirmed","マイク持ち遠くを見やる"
"mot_00_03541","yes","confirmed","マイクを持って遠く上方を見る"
"mot_00_03550","yes","confirmed","座っている人の髪を梳かす慈"
"mot_00_03560","yes","needs_review",""
"mot_00_03570","yes","confirmed","両手を打ち合わせる"
"mot_00_03571","yes","confirmed","両手を打ち合わせる"
"mot_00_03572","yes","confirmed","両手を打ち合わせる"
"mot_00_03580","yes","confirmed","体温計を拾い上げて眺める"
"mot_00_03590","yes","confirmed","立ち上がろうとする人を押しとどめる"
"mot_00_03600","yes","confirmed","左の手に持った紙を眺める"
"mot_00_03601","yes","confirmed","手に持った紙の内容を確認する"
"mot_00_03602","yes","confirmed","手に持った物を眺める"
"mot_00_03603","yes","no_comment",""
"mot_00_03610","yes","confirmed","高いところにジャンプして手を伸ばす"
"mot_00_03620","yes","confirmed","足を引いて身構える(ファイティングポーズ的な)"
"mot_00_03630","yes","confirmed","悪役笑い"
"mot_00_03640","yes","confirmed","両手を腰に当てて偉そうにする"
"mot_00_03650","yes","confirmed","身体を左右に傾けつつ手を振り続ける"
"mot_00_03660","yes","confirmed","手を胸の高さで握って話す（Withさや）"
"mot_00_03670","yes","confirmed","手を握ってお辞儀（Withさや）"
"mot_00_03680","yes","confirmed","落ち着かせる"
"mot_00_03690","yes","confirmed","頭の横で手を開いてレスポンスをうかがう"
"mot_00_03700","yes","confirmed","拳を上下に振って話したあとにあいさつ（With瑠璃乃）"
"mot_00_03710","yes","confirmed","タブレットを左隣に見せる"
"mot_00_03720","yes","confirmed","タブレットを操作する"
"mot_00_03730","yes","confirmed","べー"
"mot_00_03740","yes","confirmed","フェンスに寄りかかる"
"mot_00_03741","yes","confirmed","深めに頷く"
"mot_00_03742","yes","confirmed","フェンスに寄りかかった状態からお辞儀"
"mot_00_03743","yes","confirmed","うつむく"
"mot_00_03744","yes","confirmed","頭を起こす"
"mot_00_03745","yes","confirmed","頭を起こす"
"mot_00_03750","yes","confirmed","眠そうに目をこする立ち"
"mot_00_03760","yes","confirmed","勢いよく正面を指さす"
"mot_00_03770","yes","confirmed","どーん。されるさやか"
"mot_00_03771","yes","confirmed","どーん。する綴理"
"mot_00_03780","yes","confirmed","すり寄ってひっそり話す慈"
"mot_00_03781","yes","needs_review",""
"mot_00_03782","yes","confirmed","右からカニ歩きで原点入り"
"mot_00_03783","yes","confirmed","横歩きの姿勢から耳打ち"
"mot_00_03790","yes","confirmed","上半身だけで左に振り返る"
"mot_00_03791","yes","confirmed","しがみつく綴理"
"mot_00_03800","yes","confirmed","だんごむし綴理"
"mot_00_03810","yes","confirmed","ひっそりハンドパワーする慈"
"mot_00_03820","yes","needs_review",""
"mot_00_03830","yes","confirmed","目元でピース"
"mot_00_03831","yes","no_comment",""
"mot_00_03840","yes","confirmed","抱きかかえる慈A"
"mot_00_03841","yes","confirmed","寄っかかってぐったり瑠璃乃A"
"mot_00_03843","yes","confirmed","疲れた小鈴を支えるさやか"
"mot_00_03844","yes","confirmed","さやかに寄りかかる小鈴A"
"mot_00_03860","yes","confirmed","紙の束を見えるように持ち上げる"
"mot_00_03870","yes","confirmed","お金のポーズ"
"mot_00_03880","yes","confirmed","肩を揺らされる慈"
"mot_00_03881","yes","confirmed","慈の肩を揺らす瑠璃乃"
"mot_00_03884","yes","confirmed","さやかの肩を揺さぶる小鈴"
"mot_00_03885","yes","confirmed","さやかの肩を揺さぶる花帆"
"mot_00_03890","yes","no_comment",""
"mot_00_03891","yes","no_comment",""
"mot_00_03900","yes","no_comment",""
"mot_00_03910","yes","confirmed","スマホを見る"
"mot_00_03920","yes","confirmed","ぴょんぴょん"
"mot_00_03930","yes","confirmed","上に伸びたあとに女の子座りでへたりこみ"
"mot_00_03940","yes","confirmed","肩をちょんちょんする綴理"
"mot_00_03941","yes","confirmed","ちょんちょん"
"mot_00_03950","yes","confirmed","紅茶をテーブルに置く動作"
"mot_00_03960","yes","confirmed","ティザー花帆"
"mot_00_03961","yes","confirmed","ティザー梢"
"mot_00_03962","yes","confirmed","ティザーさやか"
"mot_00_03963","yes","confirmed","ティザー綴理"
"mot_00_03964","yes","confirmed","ティザー瑠璃乃"
"mot_00_03965","yes","confirmed","ティザー慈"
"mot_00_03970","yes","confirmed","フラフラ歩く瑠璃乃"
"mot_00_03971","yes","confirmed","振り返ったあと花帆に抱き着かれてバランスを崩す"
"mot_00_03981","yes","confirmed","瑠璃乃の腰に抱き着きに行く花帆"
"mot_00_03990","yes","confirmed","二人を支えにくる梢"
"mot_00_03991","yes","confirmed","慌てて走り出す"
"mot_00_04000","yes","confirmed","ひっそり頭を抱える"
"mot_00_04010","yes","confirmed","ドアをノックする"
"mot_00_04011","yes","confirmed","ドーナツの箱を掲げる"
"mot_00_04020","yes","confirmed","地団太を踏む"
"mot_00_04021","yes","confirmed","強く怒る"
"mot_00_04050","yes","confirmed","驚いて自分を指さす"
"mot_00_04060","yes","confirmed","うんうんと三段階で悩む"
"mot_00_04070","yes","confirmed","右から一歩近づいて背中に手を置く綴理"
"mot_00_04071","yes","needs_review",""
"mot_00_04080","yes","confirmed","おなかいっぱい当て録り（慈）"
"mot_00_04090","yes","confirmed","ふんっ！ と顔を右にそらす（瑠璃乃）"
"mot_00_04091","yes","confirmed","ふんっ！と顔を左にそらす（慈）"
"mot_00_04100","yes","confirmed","通常喋り"
"mot_00_04101","yes","confirmed","机の上のくじびきを取る２"
"mot_00_04102","yes","confirmed","円陣のために手を出す"
"mot_00_04103","yes","confirmed","円陣から手を挙げる"
"mot_00_04104","yes","confirmed","円陣から勢いをつけて手を挙げる"
"mot_00_04105","yes","confirmed","テーブル上のくじを引く3"
"mot_00_04110","yes","confirmed","手帳を取り出して見せつける"
"mot_00_04111","yes","confirmed","スマホを取り出して見る"
"mot_00_04112","yes","confirmed","ものを取り出そうと腰を探る"
"mot_00_04120","yes","confirmed","偉そうに胸を張りつつ前傾する"
"mot_00_04130","yes","confirmed","胸元拳で左を見る"
"mot_00_04131","yes","confirmed","左を見て頷く"
"mot_00_04140","yes","confirmed","胸元拳正面"
"mot_00_04141","yes","confirmed","正面で頷く"
"mot_00_04142","yes","confirmed","正面で素早く頷く"
"mot_00_04150","yes","confirmed","空を見上げて2カ所指さす"
"mot_00_04151","yes","needs_review",""
"mot_00_04180","yes","confirmed","腕を横に大きく払う"
"mot_00_04190","yes","needs_review",""
"mot_00_04200","yes","confirmed","バスケットからチョコを取り出して配る(瑠璃乃)"
"mot_00_04201","yes","confirmed","バスケットを机に置く"
"mot_00_04210","yes","confirmed","身体の右に隠したチョコを左に向けて見せる(瑠璃乃)"
"mot_00_04211","yes","confirmed","身体の左に隠したクッキーを右に向けて見せる(慈)"
"mot_00_04220","yes","confirmed","回転拍手激しめ"
"mot_00_04221","yes","confirmed","回転拍手大人しめ"
"mot_00_04230","yes","confirmed","お腹の前で祈る"
"mot_00_04240","yes","confirmed","顎に手を当てて見回す"
"mot_00_04241","yes","confirmed","顎に手を当てて見回す続き"
"mot_00_04250","yes","confirmed","ダンス中のポーズから顔を向ける"
"mot_00_04251","yes","confirmed","ダンス中の手を前に出すポーズ"
"mot_00_04260","yes","confirmed","うでくみ"
"mot_00_04261","yes","confirmed","うでくみ"
"mot_00_04262","yes","confirmed","腕組"
"mot_00_04263","yes","confirmed","腕組"
"mot_00_04270","yes","confirmed","背中を押されつつやる気ない感じで歩く／慈"
"mot_00_04271","yes","confirmed","人の背中を押して歩く／沙知"
"mot_00_04280","yes","confirmed","俯く梢に近づき肩に手を置くまで／沙知"
"mot_00_04281","yes","confirmed","輪に入れず俯いたあと沙知が来て顔を上げるまで／梢"
"mot_00_04282","yes","confirmed","肩に手を添えたまま歩き出す／沙知"
"mot_00_04283","yes","confirmed","顔を上げて歩き出す／梢"
"mot_00_04290","yes","confirmed","両手を握って顎下につける"
"mot_00_04291","yes","confirmed","両手を頬にあてる恍惚のポーズ"
"mot_00_04292","yes","confirmed","両手を握って顎下につける顔上向き"
"mot_00_04300","yes","confirmed","踵を返してゆっくり歩いたあと立ち止まる／沙知"
"mot_00_04301","yes","confirmed","振り返って涙を拭き勢いよくピース"
"mot_00_04310","yes","confirmed","釣り竿持った立ちポーズ"
"mot_00_04311","yes","confirmed","釣り竿持った立ちポーズ"
"mot_00_04320","yes","confirmed","いかだを漕ぐループ"
"mot_00_04321","yes","confirmed","バランスを崩して転倒"
"mot_00_04322","yes","confirmed","いかだ漕ぎからタメて前"
"mot_00_04330","yes","confirmed","水面から顔を出してゆっくり漂う"
"mot_00_04331","yes","confirmed","04330用しゃがみ待機"
"mot_00_04340","yes","confirmed","上半身だけで勢いよく頭を下げる"
"mot_00_04350","yes","confirmed","オールを身体の前で持つ／旧04350分割・前半"
"mot_00_04351","yes","confirmed","オールをぐっと握りしめる／旧04350分割・後半"
"mot_00_04360","yes","confirmed","ザマスポーズ"
"mot_00_04370","yes","confirmed","両手を差し出して勧誘する"
"mot_00_04371","yes","confirmed","両手を前に差し伸べる正面"
"mot_00_04380","yes","confirmed","一歩近づいて花帆の口を手で塞ぐ梢"
"mot_00_04390","yes","confirmed","オールを掴んだまま手を挙げたポーズ"
"mot_00_04410","yes","confirmed","バッジを渡す"
"mot_00_04411","yes","confirmed","バッジを受け取る"
"mot_00_04412","yes","confirmed","小物を渡す"
"mot_00_04413","yes","confirmed","小物を両手で受け取る"
"mot_00_04420","yes","confirmed","カバンを取り上げて見せるように前に出す"
"mot_00_04430","yes","confirmed","ちぇすと"
"mot_00_04431","yes","confirmed","ちぇすと前方"
"mot_00_04440","yes","confirmed","覗き込む瑠璃乃"
"mot_00_04441","yes","confirmed","覗き込む膝立ち慈"
"mot_00_04450","yes","confirmed","地面にアクスタを見つけてしゃがみ込む"
"mot_00_04480","yes","confirmed","指を広げて大きく拒否する"
"mot_00_04490","yes","confirmed","ダンボールもってる"
"mot_00_04491","yes","confirmed","ダンボールもってる"
"mot_00_04493","yes","confirmed","二人の間に突撃"
"mot_00_04494","yes","confirmed","鶏を抱える綴理"
"mot_00_04500","yes","confirmed","拳を突き上げる(小鈴)"
"mot_00_04501","yes","confirmed","拳を突き上げる(姫芽)"
"mot_00_04502","yes","confirmed","拳を突き上げる(吟子)"
"mot_00_04503","yes","confirmed","拳を突き上げる(小鈴)首上向き"
"mot_00_04510","yes","confirmed","ハイタッチ"
"mot_00_04511","yes","confirmed","ハイタッチ"
"mot_00_04520","yes","confirmed","ピアノ弾く構え"
"mot_00_04521","yes","confirmed","ピアノ弾くループ"
"mot_00_04530","yes","confirmed","正面に手を差し伸べる"
"mot_00_04531","yes","confirmed","手を取る吟子"
"mot_00_04532","yes","confirmed","抱き留める花帆"
"mot_00_04533","yes","confirmed","胸に沈む吟子"
"mot_00_04534","yes","confirmed","手を取る待機"
"mot_00_04540","yes","confirmed","背伸びして左を向く"
"mot_00_04550","yes","confirmed","右の人の口あたりを手で止める"
"mot_00_04560","yes","confirmed","ジャンプしてかわいいポーズ"
"mot_00_04570","yes","confirmed","突き飛ばされて尻もち"
"mot_00_04571","yes","confirmed","尻もちから手を借りて立ち上がる"
"mot_00_04580","yes","confirmed","立ち上がるのに手を貸す"
"mot_00_04590","yes","confirmed","くるっと回ってポーズ"
"mot_00_04600","yes","confirmed","SparklySpotキメさやか"
"mot_00_04601","yes","confirmed","キメ小鈴（SparklySpot）"
"mot_00_04610","yes","confirmed","スマホを探す"
"mot_00_04620","yes","confirmed","ハイタッチ花帆"
"mot_00_04621","yes","confirmed","ハイタッチ小鈴"
"mot_00_04630","yes","confirmed","拒むように耳を塞ぐ"
"mot_00_04631","yes","confirmed","拒むように頭を激しく振る"
"mot_00_04632","yes","no_comment",""
"mot_00_04640","yes","confirmed","一歩前に出て叫ぶ左手マイク"
"mot_00_04650","yes","confirmed","疲れポーズから顔を上げた勢いで尻もちをつく"
"mot_00_04651","yes","needs_review",""
"mot_00_04652","yes","confirmed","尻もちから助けを借りて立ち上がる"
"mot_00_04653","yes","confirmed","頭を下げて疲れに喘ぐ"
"mot_00_04660","yes","confirmed","尻もちをついた相手に手を差し伸べる"
"mot_00_04670","yes","confirmed","ぼっ立ちを抱きしめられる／04671と同時再生"
"mot_00_04671","yes","confirmed","二歩近づいて抱きしめる"
"mot_00_04672","yes","confirmed","抱き着かれる慈"
"mot_00_04673","yes","confirmed","二歩歩いて抱き着く姫芽"
"mot_00_04680","yes","confirmed","腕を畳んで震える"
"mot_00_04690","yes","confirmed","向かって右の背中に手を添える"
"mot_00_04700","yes","confirmed","綴理汎用1_胸を張る"
"mot_00_04710","yes","confirmed","お嬢様風に髪を払って挨拶する"
"mot_00_04720","yes","confirmed","芝居がかった動作で遠くを見やる"
"mot_00_04730","yes","confirmed","肘で左隣をつつく"
"mot_00_04740","yes","confirmed","紙の束を取って置く"
"mot_00_04750","yes","confirmed","上機嫌に抱き着く"
"mot_00_04751","yes","confirmed","抱き着かれてぐえっとなる"
"mot_00_04760","yes","confirmed","ポスターを取り出して見せる"
"mot_00_04761","yes","no_comment",""
"mot_00_04770","yes","confirmed","顔の横で親指を立てる"
"mot_00_04780","yes","confirmed","恐縮して話したあと走り去る（セリフ合わせ）"
"mot_00_04790","yes","confirmed","クラッカーを撃ったあとのポーズ"
"mot_00_04810","yes","confirmed","キーマウ持ち立ち"
"mot_00_04820","yes","needs_review",""
"mot_00_04821","yes","confirmed","紙を身体の前で持って見せる幅広"
"mot_00_04830","yes","confirmed","座っている瑠璃乃に抱き着く姫芽"
"mot_00_04831","yes","confirmed","着座姫芽を受け止める瑠璃乃"
"mot_00_04840","yes","confirmed","背伸びをして頭を撫でる"
"mot_00_04841","yes","confirmed","少し屈んで撫でられる待機"
"mot_00_04850","yes","confirmed","さやか抱き着かれる"
"mot_00_04851","yes","confirmed","さやか抱き着かれたまま正面を向く"
"mot_00_04852","yes","confirmed","小鈴抱き着きに行く待機"
"mot_00_04853","yes","confirmed","勢いよく抱き着く"
"mot_00_04860","yes","confirmed","口の前で手を重ねる"
"mot_00_04861","yes","confirmed","口の前に広げた手を置く"
"mot_00_04880","yes","no_comment",""
"mot_00_04890","yes","confirmed","涙を拭う"
"mot_00_04891","yes","confirmed","涙を拭う"
"mot_00_04900","yes","confirmed","周囲に大きく手を振る"
"mot_00_04910","yes","confirmed","レディバグ踊り出し小鈴パート"
"mot_00_04911","yes","confirmed","レディバグ最初さやか"
"mot_00_04912","yes","confirmed","レディバグ最初の2ポーズだけ綴理"
"mot_00_04920","yes","confirmed","レディバグサビ入り小鈴"
"mot_00_04921","yes","confirmed","レディバグサビ入りさやか"
"mot_00_04930","yes","confirmed","片腕を掴んで少し斜に構える"
"mot_00_04940","yes","confirmed","腕を振って前のめりに怒る"
"mot_00_04950","yes","confirmed","頭を抱えたあと蹲る"
"mot_00_04951","yes","confirmed","よろめきながら立ち上がる"
"mot_00_04960","yes","confirmed","右隣の小鈴を励ます花帆"
"mot_00_04961","yes","confirmed","左の人に驚く"
"mot_00_04962","yes","confirmed","左を向いたまま両手を握る"
"mot_00_04970","yes","confirmed","ふたを開ける"
"mot_00_04980","yes","confirmed","ふらつく梢"
"mot_00_04981","yes","confirmed","梢を支える綴理"
"mot_00_04982","yes","confirmed","支える前の待機"
"mot_00_04990","yes","confirmed","箱から衣服を取り出"
"mot_00_05000","yes","confirmed","机上のものを撫でる"
"mot_00_05010","yes","confirmed","周囲をゆっくり見回す"
"mot_00_05011","yes","confirmed","右を向く"
"mot_00_05012","yes","confirmed","左を向く"
"mot_00_05020","yes","confirmed","チケットを渡す"
"mot_00_05021","yes","confirmed","両手で紙を渡す拾い上げ部カット"
"mot_00_05030","yes","confirmed","指差し二回＋カメラ直し"
"mot_00_05040","yes","confirmed","前方を勢いよく指さす"
"mot_00_05050","yes","confirmed","正面斜め上を指さす"
"mot_00_05060","yes","confirmed","左からひょっこり顔を出す"
"mot_00_05070","yes","confirmed","左に対して大げさに驚く"
"mot_00_05080","yes","needs_review",""
"mot_00_05081","yes","confirmed","正面へ振り返る"
"mot_00_05082","yes","confirmed","後ろへ振り返る"
"mot_00_05090","yes","confirmed","顎にL字の指を当てる"
"mot_00_05091","yes","confirmed","顎にL字の指を当てる"
"mot_00_05100","yes","confirmed","カメラの角度を調整する"
"mot_00_05110","yes","confirmed","手を引く吟子"
"mot_00_05111","yes","confirmed","手を引かれて振り返る小鈴"
"mot_00_05120","yes","confirmed","こめかみに指を当てて悩む"
"mot_00_05130","yes","confirmed","一歩進んで首に腕を回す小鈴"
"mot_00_05131","yes","confirmed","抱きしめられる待機"
"mot_00_05132","yes","confirmed","腕だけで抱きしめ返す吟子"
"mot_00_05150","yes","confirmed","右から寄って労わる"
"mot_00_05151","yes","confirmed","机に倒れた人を心配する差分"
"mot_00_05160","yes","confirmed","左から駆け寄って労わる"
"mot_00_05170","yes","needs_review",""
"mot_00_05180","yes","confirmed","机下に屈む待機"
"mot_00_05181","yes","confirmed","机からひょっこり顔を出す"
"mot_00_05182","yes","confirmed","机に手をついたまま立ちあがる"
"mot_00_05183","yes","confirmed","机の下から顔を出す顔正面"
"mot_00_05184","yes","confirmed","机に手をついたまま立ちあがる"
"mot_00_05190","yes","confirmed","両手で紙を受け取る"
"mot_00_05200","yes","confirmed","向かって右にツッコミ"
"mot_00_05210","yes","confirmed","行動を促す（手招きする）"
"mot_00_05220","yes","confirmed","後ろからピック渡してネック支える"
"mot_00_05230","yes","confirmed","後ろから指さす"
"mot_00_05240","yes","confirmed","指を立てて軽く歌う"
"mot_00_05250","yes","confirmed","後ろからギターの弦を押さえる"
"mot_00_05260","yes","confirmed","手を空にむけて透かす"
"mot_00_05261","yes","confirmed","手をかざして見る"
"mot_00_05270","yes","confirmed","慌てて釣竿を取り上げる"
"mot_00_05280","yes","confirmed","にかかったままの釣れた魚を見る"
"mot_00_05281","yes","confirmed","魚を持ったまま前を向く"
"mot_00_05290","yes","confirmed","ダンベル筋トレ梢"
"mot_00_05291","yes","confirmed","ダンベル筋トレ姫芽"
"mot_00_05300","yes","confirmed","納得したように手のひらに拳を当てる"
"mot_00_05310","yes","confirmed","料理をする"
"mot_00_05311","yes","confirmed","料理をしながら横を見る"
"mot_00_05312","yes","confirmed","料理をしながら真横を見る"
"mot_00_05320","yes","confirmed","腕を突き上げる(花帆)"
"mot_00_05330","yes","confirmed","頷く"
"mot_00_05340","yes","confirmed","首を横に振る"
"mot_00_05350","yes","confirmed","腕まくりしながら一歩前に出ようとする"
"mot_00_05360","yes","confirmed","隣を手でなだめる"
"mot_00_05370","yes","confirmed","両手を挙げる"
"mot_00_05371","yes","confirmed","両手を挙げる中寄せ"
"mot_00_05380","yes","confirmed","口元で指を立てる"
"mot_00_05381","yes","confirmed","口の前で指を立てる"
"mot_00_05390","yes","confirmed","ボクシングの構えをする"
"mot_00_05391","yes","confirmed","ボクシングをする"
"mot_00_05400","yes","confirmed","背中に隠れる"
"mot_00_05410","yes","confirmed","ボールを持つ"
"mot_00_05420","yes","confirmed","口元に手を当てて叫ぶ"
"mot_00_05430","yes","confirmed","蓮ノ小三角ポーズ吟子"
"mot_00_05431","yes","confirmed","蓮ノ小三角ポーズ小鈴"
"mot_00_05432","yes","confirmed","蓮ノ小三角ポーズ姫芽"
"mot_00_05440","yes","confirmed","走り出そうと構える"
"mot_00_05450","yes","confirmed","引き止められる"
"mot_00_05451","yes","confirmed","弱弱しく引き止める"
"mot_00_05452","yes","confirmed","弱弱しく引き止める"
"mot_00_05460","yes","no_comment",""
"mot_00_05470","yes","confirmed","右下を見ながら頷く"
"mot_00_05471","yes","confirmed","右下を見ながら話す"
"mot_00_05472","yes","confirmed","右下を見ながら指差し"
"mot_00_05480","yes","confirmed","テーブル拭き"
"mot_00_05481","yes","confirmed","窓を拭いている"
"mot_00_05482","yes","confirmed","ほうきで掃除"
"mot_00_05483","yes","no_comment",""
"mot_00_05484","yes","confirmed","ほうきで掃除横移動"
"mot_00_05490","yes","confirmed","うさ耳ポーズ"
"mot_00_05501","yes","confirmed","ものを置く"
"mot_00_05510","yes","confirmed","両手を握りしめながら叫ぶ"
"mot_00_05520","yes","confirmed","両手を握りしめてうつむく"
"mot_00_05521","yes","confirmed","両手を胸元で握りしめて上を向く"
"mot_00_05530","yes","confirmed","抱きとめる"
"mot_00_05531","yes","confirmed","抱き止めたまま顔を上げる"
"mot_00_05532","yes","confirmed","抱きつく待機"
"mot_00_05533","yes","confirmed","抱きつく"
"mot_00_05534","yes","no_comment",""
"mot_00_05540","yes","confirmed","ぺきんだっくを抱える"
"mot_00_05541","yes","confirmed","ぺきんだっくをを渡す"
"mot_00_05551","yes","confirmed","ぺきんだっくをを受け取る"
"mot_00_05560","yes","confirmed","小さく息を吸う"
"mot_00_05561","yes","confirmed","両手を胸に当てて深く息を吸う"
"mot_00_05570","yes","confirmed","首を横に振る"
"mot_00_05580","yes","confirmed","胸に握った片手を当てる"
"mot_00_05581","yes","confirmed","手を差し伸べる"
"mot_00_05590","yes","confirmed","おーらい"
"mot_00_05600","yes","confirmed","グータッチ1勢いよく肘伸ばし"
"mot_00_05601","yes","confirmed","グータッチ2やわらかく肘曲げ"
"mot_00_05602","yes","confirmed","グータッチ勢い強く"
"mot_00_05610","yes","confirmed","大げさに頭を抱える"
"mot_00_05611","yes","confirmed","大げさに頭を抱える"
"mot_00_05620","yes","confirmed","るんるん綴理"
"mot_00_05630","yes","confirmed","袋を突き出す"
"mot_00_05640","yes","confirmed","肩に置いた手を払われる"
"mot_00_05641","yes","confirmed","肩の手を払う"
"mot_00_05642","yes","confirmed","肩の手を払う"
"mot_00_05650","yes","confirmed","紙を破る"
"mot_00_05660","yes","confirmed","指を立ててちっちっちと振る"
"mot_00_05670","yes","confirmed","ヴァイオリンを弾く"
"mot_00_05680","yes","confirmed","堂々と握手する"
"mot_00_05681","yes","confirmed","弱弱しく握手する"
"mot_00_05682","yes","confirmed","握手した手を見つめる"
"mot_00_05683","yes","confirmed","握手する"
"mot_00_05684","yes","confirmed","弱弱しく握手する"
"mot_00_05690","yes","confirmed","頬横でピース（顔正面）"
"mot_00_05700","yes","confirmed","腰の高さで握手"
"mot_00_05701","yes","confirmed","腰の高さで握手"
"mot_00_05710","yes","confirmed","手の甲で鼻をこする"
"mot_00_05720","yes","confirmed","体を包む"
"mot_00_05731","yes","confirmed","花を持ったまま振り返り"
"mot_00_05732","yes","confirmed","花を花瓶に刺す"
"mot_00_05740","yes","confirmed","スカーフを広げて見せる"
"mot_00_05750","yes","confirmed","鼻の下に手を当てて照れる"
"mot_00_05760","yes","confirmed","引いて身体を反る"
"mot_00_05770","yes","confirmed","笑いをかみ殺す"
"mot_00_05780","yes","confirmed","握手のために片手を差し出す"
"mot_00_05781","yes","confirmed","両手で握手に応える"
"mot_00_05782","yes","confirmed","握手のために手を差し出す"
"mot_00_05783","yes","confirmed","両手で握手に応える"
"mot_00_05790","yes","confirmed","手を差し出してキスされる"
"mot_00_05791","yes","confirmed","差し出した手を取られてキスされる"
"mot_00_05792","yes","needs_review",""
"mot_00_05800","yes","confirmed","肩ポン"
"mot_00_05810","yes","confirmed","祈る"
"mot_00_05820","yes","confirmed","人の涙を拭う"
"mot_00_05830","yes","confirmed","胸に手を当てる"
"mot_00_05831","yes","confirmed","胸に手を置いたままお辞儀"
"mot_00_05840","yes","confirmed","タブレットを片手に持つ"
"mot_00_05841","yes","confirmed","タブレット手持ちでイヤーピースをつける"
"mot_00_05842","yes","confirmed","タブレット手持ちで画面をタップする"
"mot_00_05860","yes","confirmed","決意を示す1"
"mot_00_05861","yes","confirmed","決意を示す2"
"mot_00_05862","yes","confirmed","決意を示す3"
"mot_00_05863","yes","confirmed","決意を示す4"
"mot_00_05870","yes","confirmed","斜めの拍手"
"mot_00_05880","yes","confirmed","肩をすくめる"
"mot_00_05890","yes","confirmed","偉そうに顎に軽く握った手を当てる"
"mot_00_05891","yes","confirmed","顎に当てた手を外に向けて振る"
"mot_00_05900","yes","confirmed","苦しみ震えながら手を伸ばす"
"mot_00_05910","yes","confirmed","手のひらで差し示す"
"mot_00_05930","yes","confirmed","傘を差す"
"mot_00_05931","yes","confirmed","通常立ち傘持ち"
"mot_00_05932","yes","confirmed","左から歩き入り傘持ち"
"mot_00_05933","yes","confirmed","上を向く傘持ち"
"mot_00_05934","yes","confirmed","うつむく傘持ち"
"mot_00_05935","yes","confirmed","うなずく傘持ち"
"mot_00_05937","yes","confirmed","腰に手を当てる傘持ち"
"mot_00_05938","yes","confirmed","胸元に手を当てる傘持ち"
"mot_00_05939","yes","confirmed","胸元に拳を握る傘持ち"
"mot_00_05940","yes","confirmed","腰の高さで拳を握る傘持ち"
"mot_00_05941","yes","confirmed","傘を投げ捨てる"
"mot_00_05970","yes","confirmed","スマホを見て驚く（口元に手を当てる）"
"mot_00_05980","yes","confirmed","両手を小さく上げる・困惑"
"mot_00_05990","yes","confirmed","両手首を首元に上げて頷く"
"mot_00_06000","yes","confirmed","手を挙げる花帆"
"mot_00_06001","yes","confirmed","手を挙げるさやか"
"mot_00_06002","yes","confirmed","手を挙げる瑠璃乃"
"mot_00_06003","yes","confirmed","手を挙げる梢"
"mot_00_06004","yes","confirmed","手を挙げる慈"
"mot_00_06005","yes","confirmed","手を挙げる吟子"
"mot_00_06006","yes","confirmed","手を挙げる姫芽"
"mot_00_06020","yes","confirmed","座っている人の額に手を当てる"
"mot_00_06030","yes","confirmed","座っている人の頭を撫でる"
"mot_00_06040","yes","confirmed","大人しめのツッコミ"
"mot_00_06050","yes","confirmed","頭痛をこらえる"
"mot_00_06060","yes","confirmed","大判の冊子を胸に抱える"
"mot_00_06061","yes","no_comment",""
"mot_00_06062","yes","confirmed","大判の冊子を胸に抱える"
"mot_00_06063","yes","confirmed","大判の冊子を胸下に抱える正面向き"
"mot_00_06070","yes","confirmed","投げキッス"
"mot_00_06080","yes","confirmed","両手でピース"
"mot_00_06090","yes","confirmed","自撮りポーズ"
"mot_00_06091","yes","confirmed","自撮り"
"mot_00_06100","yes","confirmed","デジタルカメラを構える正面"
"mot_00_06101","yes","confirmed","デジタルカメラを胸元に下ろす"
"mot_00_06102","yes","confirmed","一眼レフカメラを構える正面"
"mot_00_06103","yes","no_comment",""
"mot_00_06110","yes","confirmed","隣の人の肩に手を置く"
"mot_00_06111","yes","confirmed","隣の人に逃げられる"
"mot_00_06130","yes","confirmed","一眼レフカメラを中腰に構える"
"mot_00_06131","yes","confirmed","一眼レフカメラで素早く撮影する"
"mot_00_06140","yes","confirmed","腕を伸ばして銃を撃つ"
"mot_00_06141","yes","confirmed","腕を曲げて銃を撃つ"
"mot_00_06160","yes","confirmed","前高めを指差す"
"mot_00_06170","yes","confirmed","肩に手を添える梢"
"mot_00_06171","yes","confirmed","身体を引き寄せる梢"
"mot_00_06172","yes","confirmed","引き寄せた身体を元に戻す梢"
"mot_00_06173","yes","confirmed","肩を掴まれて顔を上げる花帆"
"mot_00_06174","yes","confirmed","一歩近づいて胸元で泣く花帆"
"mot_00_06175","yes","confirmed","身体を戻す花帆"
"mot_00_06180","yes","confirmed","ノートに中腰で書き込む"
"mot_00_06181","yes","confirmed","ノートを開いて正面に見せる"
"mot_00_06190","yes","confirmed","ティーポットからお茶を注ぐ"
"mot_00_06191","yes","confirmed","注ぎ終わる"
"mot_00_06200","yes","confirmed","紅茶をソーサーで出す待機"
"mot_00_06201","yes","confirmed","紅茶をソーサーで出す"
"mot_00_06202","yes","no_comment",""
"mot_00_06210","yes","confirmed","梢が花帆を抱きしめる"
"mot_00_06211","yes","confirmed","梢が花帆を抱きしめたまま片手を広げる"
"mot_00_06212","yes","confirmed","梢が花帆と吟子を抱きしめる"
"mot_00_06213","yes","confirmed","胸に両手を重ねてうつむく"
"mot_00_06214","yes","confirmed","両手を胸の高さで握る"
"mot_00_06215","yes","confirmed","吟子が梢に抱き着"
"mot_00_06220","yes","confirmed","手を広げて指輪を見る"
"mot_00_06230","yes","confirmed","ブレスレットを見せる"
"mot_00_06240","yes","confirmed","ブローチをつける"
"mot_00_06250","yes","confirmed","握手のために片手を差し出す"
"mot_00_06251","yes","confirmed","花帆を抱きとめるさやか"
"mot_00_06252","yes","confirmed","胸の高さで両手を握る"
"mot_00_06253","yes","confirmed","さやかに抱き着く花帆"
"mot_00_06254","yes","confirmed","抱きしめたまま顔を上に向けて叫ぶ"
"mot_00_06260","yes","confirmed","腕章（上腕部）を見せる"
"mot_00_06270","yes","confirmed","うなだれたまま笑う"
"mot_00_06280","yes","confirmed","うなだれる"
"mot_00_06281","yes","confirmed","うなだれたまま力なくちぇすと"
"mot_00_06300","yes","confirmed","自分の袖を見る"
"mot_00_06310","yes","confirmed","その場で一周回る"
"mot_00_06320","yes","confirmed","驚いて左を向く"
"mot_00_06330","yes","confirmed","一歩踏み出して遮られる"
"mot_00_06340","yes","confirmed","通せんぼする"
"mot_00_06350","yes","confirmed","胸に手を当てて頭を下げる"
"mot_00_06360","yes","confirmed","顎下でフラワー"
"mot_00_06370","yes","confirmed","斜め上に向かって叫ぶ"
"mot_00_06380","yes","confirmed","厨二病ポーズ1"
"mot_00_06381","yes","confirmed","厨二病ポーズ2"
"mot_00_06390","yes","confirmed","ラップの動き"
"mot_00_06391","yes","needs_review",""
"mot_00_06400","yes","confirmed","かっこよく投げキッス"
"mot_00_06410","yes","confirmed","拝む"
"mot_00_06411","yes","confirmed","拝む（手固定"
"mot_00_06412","yes","confirmed","拝む（手固定"
"mot_00_06413","yes","confirmed","拝む（停止）顔正面小鈴合せ"
"mot_00_06430","yes","confirmed","手をハートにして動かす"
"mot_00_06440","yes","confirmed","腕を掴んで上げる"
"mot_00_06441","yes","confirmed","腕を掴まれて上げる"
"mot_00_06450","yes","confirmed","隣の人を叩く"
"mot_00_06451","yes","confirmed","叩かれて振り向く"
"mot_00_06460","yes","confirmed","拳を突き上げる（泉）"
"mot_00_06470","yes","confirmed","手を裏表にして慌てる"
"mot_00_06480","yes","confirmed","前のめりに両手を広げる"
"mot_00_06490","yes","confirmed","セクシーポーズ泉"
"mot_00_06491","yes","confirmed","セクシーポーズ吟子"
"mot_00_06500","yes","confirmed","コップを持つ"
"mot_00_06501","yes","confirmed","乾杯をする1"
"mot_00_06502","yes","confirmed","乾杯をする2"
"mot_00_06503","yes","confirmed","乾杯からコップを下ろす"
"mot_00_06510","yes","confirmed","握手のために手を出す花帆"
"mot_00_06511","yes","confirmed","がしっと握手する花帆"
"mot_00_06512","yes","no_comment",""
"mot_00_06520","yes","confirmed","あくびしながら歩き入りキャラ座標に到着"
"mot_00_06521","yes","confirmed","肩を叩かれて驚くさやか"
"mot_00_06522","yes","confirmed","肩を叩いて驚かす花帆待機"
"mot_00_06523","yes","confirmed","肩を叩いて驚かす花帆待機"
"mot_00_06524","yes","confirmed","手を外して横に並ぶ"
"mot_00_06530","yes","confirmed","目を擦る"
"mot_00_06531","yes","confirmed","目を擦る"
"mot_00_06540","yes","confirmed","頭を押さえる"
"mot_00_06550","yes","confirmed","ダンボールを持ち上げてすぐ慌てて置く"
"mot_00_06570","yes","confirmed","ノートを持ち上げる"
"mot_00_06571","yes","confirmed","ノートを持ち上げたまま後ろを見る"
"mot_00_06580","yes","confirmed","指を立てて前に突き出す"
"mot_00_06590","yes","confirmed","胸に手を当てて深呼吸する"
"mot_00_06591","yes","confirmed","胸に手を当てて深呼吸する"
"mot_00_06600","yes","confirmed","左手のマイクを正面に突き出す"
"mot_00_06610","yes","confirmed","胸に片手を当ててうつむく"
"mot_00_06611","yes","confirmed","うつむいたまま胸に当てた手を握りこむ"
"mot_00_06620","yes","confirmed","服の袖で涙を拭う"
"mot_00_06630","yes","confirmed","ドアノブに手をかける"
"mot_00_06640","yes","confirmed","飛び出してきた人を抱きとめる"
"mot_00_06641","yes","confirmed","飛び出してきた人を戻す"
"mot_00_06642","yes","confirmed","飛び出してぶつかる待機"
"mot_00_06643","yes","confirmed","飛び出してぶつかる"
"mot_00_06644","yes","confirmed","ぶつかった位置から座標に戻る"
"mot_00_06650","yes","confirmed","後ろで手を組みながら振り向く"
"mot_00_06651","yes","confirmed","前傾しつつ両手を顔の前で握る"
"mot_00_06652","yes","confirmed","回り込んで両手を上から広げる"
"mot_00_06660","yes","confirmed","慌てる"
"mot_00_06670","yes","confirmed","両手をブンブン振る"
"mot_00_06680","yes","confirmed","ふらついて支えられる"
"mot_00_06681","yes","confirmed","支えられて立つ"
"mot_00_06682","yes","confirmed","ふらついた人を支える"
"mot_00_06683","yes","confirmed","ふらついた人を立たせる"
"mot_00_06690","yes","confirmed","顔の前で手を挙げる"
"mot_00_06700","yes","confirmed","顔の前で拍手"
"mot_00_06710","yes","confirmed","ジャンプしてキャッチを繰り返す"
"mot_00_06711","yes","confirmed","バランスを崩して転びそうになる"
"mot_00_06720","yes","confirmed","口元に手を当てて笑う"
"mot_00_06721","yes","no_comment",""
"mot_00_06730","yes","confirmed","ぶつかられる"
"mot_00_06731","yes","confirmed","ぶつかりにいく"
"mot_00_06732","yes","confirmed","突き飛ばす"
"mot_00_06733","yes","confirmed","突き飛ばされる"
"mot_00_06740","yes","confirmed","両手を上げつつきょろきょろして慌てる"
"mot_00_06750","yes","confirmed","落下物から頭を守る1"
"mot_00_06751","yes","confirmed","落下物から頭を守る2"
"mot_00_06770","yes","confirmed","頭を壁に打ちつける"
"mot_00_06780","yes","confirmed","ドアが開かない"
"mot_00_06790","yes","confirmed","顔を背けて指を差す"
"mot_00_06800","yes","confirmed","連続でポーズ1"
"mot_00_06801","yes","confirmed","連続でポーズ2"
"mot_00_06802","yes","confirmed","連続でポーズ3"
"mot_00_06803","yes","confirmed","連続でポーズからしゃがみこむ"
"mot_00_06810","yes","confirmed","コント開始_右手を挙げる"
"mot_00_06811","yes","confirmed","コント1"
"mot_00_06812","yes","confirmed","コント2"
"mot_00_06813","yes","confirmed","コント3"
"mot_00_06814","yes","confirmed","コント4"
"mot_00_06815","yes","confirmed","コント5"
"mot_00_06816","yes","confirmed","コント1_別"
"mot_00_06817","yes","confirmed","コント2_別"
"mot_00_06818","yes","confirmed","コント3_別"
"mot_00_06819","yes","confirmed","コント4_別"
"mot_00_06820","yes","confirmed","人差し指を突き上げる"
"mot_00_06830","yes","confirmed","膝をついて床を叩く"
"mot_00_06831","yes","confirmed","立ち上がって小さく手を挙げる"
"mot_00_06840","yes","confirmed","両手で指を差す"
"mot_00_06850","yes","confirmed","両手を上げる"
"mot_00_06860","yes","confirmed","控えめにくすぐる"
"mot_00_06861","yes","confirmed","姿勢を変えずに様子をうかがう"
"mot_00_06862","yes","confirmed","力を込めてくすぐる"
"mot_00_06870","yes","confirmed","右に手を差し出す"
"mot_00_06871","yes","confirmed","右に手を差し出す"
"mot_00_06872","yes","confirmed","手を取って歩き出す泉"
"mot_00_06873","yes","confirmed","立ち止まるセラス"
"mot_00_06874","yes","confirmed","立ち止まる泉"
"mot_00_06875","yes","confirmed","歩いたまま顔を見るセラス"
"mot_00_06876","yes","confirmed","歩いたまま顔を見る泉"
"mot_00_06877","yes","confirmed","歩いたまま顔を正面に戻すセラス"
"mot_00_06878","yes","no_comment",""
"mot_00_06880","yes","confirmed","両方の手を取るセラス"
"mot_00_06881","yes","confirmed","両方の手を取られる泉"
"mot_00_06882","yes","no_comment",""
"mot_00_06883","yes","no_comment",""
"mot_00_06890","yes","confirmed","一歩進んで抱きしめる泉"
"mot_00_06891","yes","confirmed","抱きしめられるセラス"
"mot_00_06892","yes","confirmed","抱きしめ返すセラス／"
"mot_00_06893","yes","no_comment",""
"mot_00_06894","yes","no_comment",""
"mot_00_06895","yes","no_comment",""
"mot_00_06900","yes","confirmed","スマホ画面をタップして停止"
"mot_00_06901","yes","confirmed","左の手にスマホを持ったまま頭を下げる"
"mot_00_06902","yes","confirmed","左の手のスマホを下ろす（タップ）"
"mot_00_06910","yes","confirmed","左を向いて祈る（両手を組む）"
"mot_00_06911","yes","confirmed","手を組んだまま正面に半歩踏み出す"
"mot_00_06920","yes","confirmed","片手を広げて左方向を示す"
"mot_00_06930","yes","confirmed","両手を重ねて正面にかざす"
"mot_00_06940","yes","confirmed","両手を重ねて正面にかざす"
"mot_00_06950","yes","confirmed","両手を見てぼんやりする"
"mot_00_06951","yes","confirmed","手を取られて右を向く小鈴"
"mot_00_06952","yes","confirmed","06953待機"
"mot_00_06953","yes","confirmed","右から駆け寄って手を取る広実"
"mot_00_06960","yes","confirmed","片手を胸に当てつつ手を伸ばす"
"mot_00_06970","yes","confirmed","剣を構える"
"mot_00_06971","yes","confirmed","剣を振るう"
"mot_00_06980","yes","confirmed","やられる1"
"mot_00_06981","yes","confirmed","やられる2"
"mot_00_06990","yes","confirmed","剣を振り上げる"
"mot_00_06991","yes","confirmed","剣を振り下ろそうとして止まる"
"mot_00_07000","yes","confirmed","手元で小物を作って持ち上げる"
"mot_00_07010","yes","confirmed","半歩下がり頭を押さえて苦しむ"
"mot_00_07020","yes","confirmed","手首の内側を見せるように手を伸ばす"
"mot_00_07030","yes","confirmed","頭を押さえたあと両手を広げて叫ぶ"
"mot_00_07040","yes","confirmed","鼻の下を擦る"
"mot_00_07060","yes","confirmed","ダンスの振付をする"
"mot_00_07080","yes","confirmed","くしゃみをする"
"mot_00_07090","yes","confirmed","自分の胸元を指差したあと口元でバツを作る"
"mot_00_07100","yes","confirmed","自分の目を隠す"
"mot_00_07101","yes","confirmed","自分の目を隠す指を開く"
"mot_00_07110","yes","confirmed","回転ジャンプを試みて転ぶ1"
"mot_00_07111","yes","confirmed","回転ジャンプを試みて転ぶ2"
"mot_00_07112","yes","confirmed","回転ジャンプを試みて転ぶ3"
"mot_00_07113","yes","confirmed","2回転"
"mot_00_07120","yes","confirmed","自分にビンタする"
"mot_00_07130","yes","confirmed","スケートジャンプ"
"mot_00_07131","yes","confirmed","地上2回転ジャンプ"
"mot_00_07132","yes","confirmed","ジャンプから転倒"
"mot_00_07140","yes","confirmed","小物を両手で差し出す"
"mot_00_07141","yes","confirmed","両手を持ち上げられる小鈴"
"mot_00_07142","yes","confirmed","両手を持ち上げるさやか"
"mot_00_07143","yes","confirmed","両手ごと抱きしめられる小鈴"
"mot_00_07144","yes","confirmed","両手ごと抱きしめるさやか"
"mot_00_07145","yes","confirmed","元に戻る小鈴"
"mot_00_07146","yes","confirmed","元に戻るさやか"
"mot_00_07150","yes","confirmed","片手に紙の束を持つ"
"mot_00_07151","yes","confirmed","紙を一枚取って見せてから置く"
"mot_00_07160","yes","confirmed","尻もちをついた人に手を差し伸べる"
"mot_00_07161","yes","confirmed","尻もちをついたポーズ"
"mot_00_07162","yes","confirmed","尻もちをついた人を助け起こす沙知"
"mot_00_07163","yes","confirmed","尻もちから助けを借りて立ち上がる小鈴"
"mot_00_07170","yes","confirmed","正面に立つ人の頬を両側から押さえる"
"mot_00_07180","yes","confirmed","両手をゆっくり胸の前まで上げながら握る"
"mot_00_07181","yes","confirmed","抱き寄せられるさやか"
"mot_00_07182","yes","confirmed","抱き寄せる綴理"
"mot_00_07190","yes","confirmed","Retrofuture終わりポーズセラス"
"mot_00_07192","yes","confirmed","Retrofuture終わりポーズ泉"
"mot_00_07210","yes","confirmed","蓮ノ小四辺形1"
"mot_00_07211","yes","confirmed","蓮ノ小四辺形2"
"mot_00_07220","yes","confirmed","床に倒れる"
"mot_00_07232","yes","confirmed","泉の手にキスをする"
"mot_00_07233","yes","confirmed","セラスに手にキスをされる"
"mot_00_07234","yes","no_comment",""
"mot_00_07235","yes","no_comment",""
"mot_00_07240","yes","confirmed","おんぶして歩き入り"
"mot_00_07241","yes","confirmed","おんぶされて入り"
"mot_00_07242","yes","confirmed","おんぶして立ち"
"mot_00_07243","yes","confirmed","おんぶされて立ち"
"mot_00_07244","yes","confirmed","おんぶされたまま起きる"
"mot_00_07245","yes","confirmed","おんぶされたまま両手で叩く"
"mot_00_07250","yes","confirmed","両手を取って上下に振る"
"mot_00_07251","yes","confirmed","両手を取られて上下に振られる"
"mot_00_07260","yes","confirmed","頭をポンポンする"
"mot_00_07270","yes","confirmed","ドアを押して開ける"
"mot_00_07280","yes","no_comment",""
"mot_00_07290","yes","confirmed","スカートの裾を握ってうつむく"
"mot_00_07291","yes","no_comment",""
"mot_00_07292","yes","no_comment",""
"mot_00_07293","yes","no_comment",""
"mot_00_07294","yes","no_comment",""
"mot_00_07295","yes","no_comment",""
"mot_00_07296","yes","no_comment",""
"mot_00_07300","yes","no_comment",""
"mot_00_07310","yes","no_comment",""
"mot_00_07311","yes","no_comment",""
"mot_00_07320","yes","no_comment",""
"mot_00_07321","yes","no_comment",""
"mot_00_07330","yes","no_comment",""
"mot_00_07331","yes","no_comment",""
"mot_00_07332","yes","no_comment",""
"mot_00_07333","yes","no_comment",""
"mot_00_07334","yes","no_comment",""
"mot_00_07335","yes","no_comment",""
"mot_00_07340","yes","no_comment",""
"mot_00_07341","yes","no_comment",""
"mot_00_07350","yes","no_comment",""
"mot_00_07351","yes","no_comment",""
"mot_00_07361","yes","no_comment",""
"mot_00_07370","yes","no_comment",""
"mot_00_07371","yes","no_comment",""
"mot_00_07380","yes","no_comment",""
"mot_00_07381","yes","no_comment",""
"mot_00_07382","yes","no_comment",""
"mot_00_07390","yes","no_comment",""
"mot_00_07391","yes","no_comment",""
"mot_00_07392","yes","no_comment",""
"mot_00_07393","yes","no_comment",""
"mot_00_07400","yes","no_comment",""
"mot_00_07401","yes","no_comment",""
"mot_00_07402","yes","no_comment",""
"mot_00_07403","yes","no_comment",""
"mot_00_07404","yes","no_comment",""
"mot_00_07405","yes","no_comment",""
"mot_00_07410","yes","no_comment",""
"mot_00_07411","yes","no_comment",""
"mot_00_07412","yes","no_comment",""
"mot_00_07413","yes","no_comment",""
"mot_00_07420","yes","no_comment",""
"mot_00_07421","yes","no_comment",""
"mot_00_07422","yes","no_comment",""
"mot_00_07423","yes","no_comment",""
"mot_00_07424","yes","no_comment",""
"mot_00_07430","yes","no_comment",""
"mot_00_07440","yes","no_comment",""
"mot_00_07441","yes","no_comment",""
"mot_00_07460","yes","no_comment",""
"mot_00_07461","yes","no_comment",""
"mot_00_07462","yes","no_comment",""
"mot_00_07463","yes","no_comment",""
"mot_00_07464","yes","no_comment",""
"mot_00_07465","yes","no_comment",""
"mot_00_07466","yes","no_comment",""
"mot_00_07467","yes","no_comment",""
"mot_00_07468","yes","no_comment",""
"mot_00_07470","yes","no_comment",""
"mot_00_07471","yes","no_comment",""
"mot_00_07480","yes","no_comment",""
"mot_00_07481","yes","no_comment",""
"mot_00_07500","yes","no_comment",""
"mot_00_07501","yes","no_comment",""
"mot_00_07502","yes","no_comment",""
"mot_00_07503","yes","no_comment",""
"mot_00_07504","yes","no_comment",""
"mot_00_07505","yes","no_comment",""
"mot_00_07506","yes","no_comment",""
"mot_00_07507","yes","no_comment",""
"mot_00_07510","yes","no_comment",""
"mot_00_07511","yes","no_comment",""
"mot_00_07512","yes","no_comment",""
"mot_00_07513","yes","no_comment",""
"mot_00_20010","yes","confirmed","着座通常姿勢（手は机の上）"
"mot_00_20011","yes","confirmed","着座通常姿勢（手はももの上）"
"mot_00_20020","yes","confirmed","着座舟漕ぎ＞起きる"
"mot_00_20021","yes","confirmed","着座舟漕ぎ＞起きる"
"mot_00_20060","yes","confirmed","着座ノートを見る"
"mot_00_20061","yes","confirmed","着座ノートを見る"
"mot_00_20062","yes","confirmed","着座ノートを見る"
"mot_00_20063","yes","no_comment",""
"mot_00_20080","yes","confirmed","着座うつぶせ（顔上げ）"
"mot_00_20100","yes","confirmed","着座頬杖"
"mot_00_20110","yes","confirmed","着座ぐったり"
"mot_00_20120","yes","confirmed","着座驚く（大）"
"mot_00_20140","yes","confirmed","着座頭を抱える"
"mot_00_20141","yes","confirmed","着座頭を抱えるポーズを取る"
"mot_00_20142","yes","no_comment",""
"mot_00_20150","yes","confirmed","着座うつむき（下方向）"
"mot_00_20160","yes","confirmed","着座怒る"
"mot_00_20170","yes","confirmed","着座横に首を振りながらうつむく"
"mot_00_20180","yes","confirmed","着座身振り手振りで話しかける（左）"
"mot_00_20181","yes","confirmed","着座身振り手振りで話しかける（左）"
"mot_00_20190","yes","confirmed","着座腕組み顔背け"
"mot_00_20200","yes","confirmed","着座頷き"
"mot_00_20210","yes","confirmed","着座腕組み"
"mot_00_20220","yes","confirmed","着座指を立てる"
"mot_00_20230","yes","confirmed","着座手を前に出す"
"mot_00_20240","yes","confirmed","着座首をかしげる"
"mot_00_20250","yes","confirmed","着座ため息して首を振る"
"mot_00_20260","yes","confirmed","着座考える"
"mot_00_20270","yes","confirmed","着座両手を握りしめる"
"mot_00_20280","yes","confirmed","着座通話する"
"mot_00_20290","yes","confirmed","着座、通話しながら憤る"
"mot_00_20300","yes","confirmed","着座、通話しながら天を仰ぐ"
"mot_00_20310","yes","confirmed","着座、通話しながら驚く"
"mot_00_20320","yes","confirmed","着座期待する"
"mot_00_20321","yes","confirmed","着座期待する"
"mot_00_20330","yes","confirmed","着座両手を握って興奮している"
"mot_00_20351","yes","confirmed","スマホを渡す"
"mot_00_20352","yes","confirmed","着座冊子を渡す（左）"
"mot_00_20360","yes","confirmed","着座スマホを受けとる（右）"
"mot_00_20370","yes","confirmed","ぎこちないピース姿"
"mot_00_20380","yes","confirmed","スマホを受け取って写真を確認"
"mot_00_20390","yes","confirmed","スマホを見る"
"mot_00_20391","yes","confirmed","スマホを見る"
"mot_00_20392","yes","confirmed","スマホを持った状態で顔を上げる"
"mot_00_20393","yes","confirmed","スマホを見る"
"mot_00_20394","yes","confirmed","手のモノを見る"
"mot_00_20395","yes","confirmed","大判の紙を見る"
"mot_00_20396","yes","confirmed","スマホを見る下め"
"mot_00_20400","yes","confirmed","一歩踏み出す"
"mot_00_20410","yes","confirmed","スマホを左の人に見せる"
"mot_00_20411","yes","confirmed","スマホを左の人に見せる"
"mot_00_20420","yes","confirmed","スマホをのぞき込む（右）"
"mot_00_20430","yes","confirmed","着座前に乗り出して固まる"
"mot_00_20440","yes","confirmed","着座顎に手をあてて首をかしげる（右）"
"mot_00_20450","yes","confirmed","着座両手を下ろしてがっかり"
"mot_00_20460","yes","confirmed","着座拍手する"
"mot_00_20461","yes","confirmed","着座拍手する"
"mot_00_20462","yes","confirmed","着座拍手する"
"mot_00_20470","yes","confirmed","着座手を振りながら至近距離で覗き込む"
"mot_00_20480","yes","confirmed","着座前のめりになる"
"mot_00_20490","yes","confirmed","着座指折り数える"
"mot_00_20500","yes","confirmed","着座頑張るぞい"
"mot_00_20510","yes","confirmed","着座否定する"
"mot_00_20520","yes","confirmed","着座首を振る（正面）"
"mot_00_20550","yes","confirmed","着座笑う（小）"
"mot_00_20560","yes","confirmed","着座喜ぶ（小）"
"mot_00_20570","yes","confirmed","着座喜ぶ（中）"
"mot_00_20580","yes","confirmed","着座喜ぶ（大）"
"mot_00_20590","yes","confirmed","着座ガッツポーズ（小）"
"mot_00_20591","yes","confirmed","着座ガッツポーズ（小）"
"mot_00_20600","yes","confirmed","着座ガッツポーズ（中）"
"mot_00_20610","yes","confirmed","着座ガッツポーズ（大）"
"mot_00_20620","yes","confirmed","着座腰に手をあててうなずく"
"mot_00_20630","yes","confirmed","着座あざといお願い"
"mot_00_20631","yes","confirmed","着座あざといお願い"
"mot_00_20640","yes","confirmed","着座こめかみ辺りを掻く（人差し指で）"
"mot_00_20650","yes","confirmed","着座ため息をしてから首を振る"
"mot_00_20660","yes","confirmed","着座驚く（小）"
"mot_00_20661","yes","confirmed","着座驚く（小）"
"mot_00_20670","yes","confirmed","着座驚く（中）"
"mot_00_20680","yes","confirmed","着座驚く（全身）"
"mot_00_20690","yes","confirmed","着座1度うなずく"
"mot_00_20700","yes","needs_review",""
"mot_00_20710","yes","confirmed","着座うつむく（下方向）"
"mot_00_20711","yes","needs_review",""
"mot_00_20720","yes","confirmed","着座うつむく（左横方向）"
"mot_00_20740","yes","confirmed","着座ため息"
"mot_00_20750","yes","confirmed","着座口元に手をあてて笑う"
"mot_00_20760","yes","confirmed","着座上を向く（右）"
"mot_00_20770","yes","confirmed","着座両手を腰に当てる"
"mot_00_20771","yes","confirmed","着座両手を腰に当てる_顔正面"
"mot_00_20780","yes","confirmed","着座胸に手を置く（片手）"
"mot_00_20781","yes","confirmed","着座胸に指を揃えて手を置く"
"mot_00_20790","yes","confirmed","着座もじもじ"
"mot_00_20800","yes","confirmed","着座胸に手を置く（両手）"
"mot_00_20801","yes","confirmed","着座胸に手を置く（両手）差分"
"mot_00_20802","yes","confirmed","着座はさみを持った手の震えをもう片方の手で押さえる"
"mot_00_20810","yes","confirmed","着座手のひらを見る"
"mot_00_20820","yes","confirmed","着座祈る"
"mot_00_20821","yes","confirmed","着座祈る_身体正面向き"
"mot_00_20830","yes","confirmed","着座いただきます"
"mot_00_20831","yes","confirmed","着座いただきます瑠璃乃用"
"mot_00_20840","yes","confirmed","着座通話しながら腰に手を当てる"
"mot_00_20850","yes","confirmed","着座通話しながらうつむく"
"mot_00_20851","yes","confirmed","着座通話しながらうつむく角度浅め"
"mot_00_20860","yes","confirmed","着座じゃーん"
"mot_00_20870","yes","confirmed","着座正面上を向く"
"mot_00_20880","yes","confirmed","立ち上がって拒否"
"mot_00_20890","yes","confirmed","諦めてバスの座席に座る"
"mot_00_20891","yes","confirmed","座席に座る_座り直しカット"
"mot_00_20892","yes","confirmed","立ち⇒座る待機"
"mot_00_20893","yes","confirmed","立ち⇒座る着座合わせ"
"mot_00_20900","yes","confirmed","バスの座席に座って左に詰める"
"mot_00_20910","yes","confirmed","着座通常待機"
"mot_00_20911","yes","confirmed","着座通常待機脇締め"
"mot_00_20920","yes","confirmed","着座手を下の方で広げる（両手）"
"mot_00_20930","yes","confirmed","着座手を下の方で握る（両手）"
"mot_00_20931","yes","confirmed","着座手を下の方で握る（両手）"
"mot_00_20940","yes","confirmed","着座手を膝の上におく（両手）"
"mot_00_20950","yes","confirmed","着座手を膝の上で重ねる"
"mot_00_20960","yes","confirmed","着座顎に手をあてる（片手）"
"mot_00_20961","yes","confirmed","着座顎に手をあてる（片手）_腕調整"
"mot_00_20970","yes","confirmed","着座人差し指を頬にあてる"
"mot_00_20980","yes","confirmed","着座襟元に手をおく（片手）"
"mot_00_20990","yes","confirmed","着座手を膝の上におく（片手）"
"mot_00_21000","yes","confirmed","着座両手をおろしてかたむく（右）"
"mot_00_21010","yes","confirmed","着座髪の毛を触る（左）"
"mot_00_21020","yes","confirmed","着座胸の前で手を握る（両手）"
"mot_00_21030","yes","confirmed","着座腕を掴む（左）"
"mot_00_21040","yes","confirmed","着座買い物かごを持つポーズ（左）"
"mot_00_21050","yes","confirmed","着座手を膝の上において首をかしげる"
"mot_00_21060","yes","confirmed","着座襟元で手を握る（両手）"
"mot_00_21061","yes","confirmed","着座襟元で手を握って首をかしげる（両手）"
"mot_00_21070","yes","confirmed","着座軽めのため息"
"mot_00_21080","yes","confirmed","着座エラあたりで両手を握る"
"mot_00_21090","yes","confirmed","着座首をかしげる(左)"
"mot_00_21110","yes","confirmed","着座上を見る(左上)"
"mot_00_21111","yes","needs_review",""
"mot_00_21112","yes","confirmed","着座上を見る(左上) 手下ろし"
"mot_00_21120","yes","confirmed","着座人差し指を立てる（左）"
"mot_00_21121","yes","needs_review",""
"mot_00_21122","yes","confirmed","着座3で指を立てる（左）"
"mot_00_21130","yes","confirmed","着座挙手（右）"
"mot_00_21131","yes","confirmed","着座挙手（右）"
"mot_00_21140","yes","confirmed","着座両手を小さく上げる"
"mot_00_21150","yes","confirmed","着座うなだれてから顔をあげる"
"mot_00_22110","yes","confirmed","立ち上がってから驚く"
"mot_00_22111","yes","confirmed","立ち上がって驚く（片手）"
"mot_00_22120","yes","confirmed","走ってきて息切れ"
"mot_00_22121","yes","confirmed","走ってきて息切れ_キャラ座標に到着"
"mot_00_22130","yes","confirmed","うなずいて走り出す"
"mot_00_22131","yes","confirmed","うなずいて走り出す"
"mot_00_22160","yes","confirmed","着座 （なだめる+）スマホを見せる"
"mot_00_22161","yes","no_comment",""
"mot_00_22170","yes","confirmed","着座首をかしげる（左/手降ろしたver.）"
"mot_00_22180","yes","confirmed","着座首振り（手を下ろしたver.）"
"mot_00_22181","yes","confirmed","着座首を振る（手を下ろした+首振りゆっくり）"
"mot_00_22190","yes","confirmed","着座うなずく1回（手を下ろしたver.）"
"mot_00_22191","yes","confirmed","着座うなずく1回（手を下ろした+顔正面戻し）"
"mot_00_22192","yes","confirmed","着座うなずく1回（手下ろし+顔正面戻し）"
"mot_00_22200","yes","confirmed","着座スマホを受け取って驚く"
"mot_00_22210","yes","confirmed","着座→立ち上がる"
"mot_00_22220","yes","confirmed","着座スマホを片手に見ながら驚く（口元に手を当てる）"
"mot_00_22221","yes","confirmed","着座タブレットを片手に持つ"
"mot_00_22222","yes","confirmed","着座タブレットを片手に持ったまま驚く"
"mot_00_22230","yes","confirmed","着座スマホを片手に（両手でも）見ながらうなずく"
"mot_00_22240","yes","confirmed","着座➝立ち_机に手をついて"
"mot_00_22241","yes","confirmed","着座➝立ち_手を横のまま"
"mot_00_22250","yes","confirmed","着座スマホを操作する"
"mot_00_22251","yes","confirmed","着座スマホを操作する"
"mot_00_22260","yes","confirmed","スマホを見ながら興奮する"
"mot_00_22270","yes","confirmed","着座スマホを見る"
"mot_00_22280","yes","confirmed","おでんを食べて熱がる"
"mot_00_22290","yes","confirmed","花帆にスケート靴を履かせてあげる"
"mot_00_22300","yes","confirmed","ゲンドウポーズ"
"mot_00_22310","yes","needs_review",""
"mot_00_22320","yes","confirmed","着座咳払い"
"mot_00_22330","yes","confirmed","着座ノートにたくさん書く"
"mot_00_22331","yes","confirmed","着座ノートにたくさん書く"
"mot_00_22340","yes","confirmed","着座ノートを立てて読む"
"mot_00_22350","yes","confirmed","頷きながらメモを取る"
"mot_00_22351","yes","confirmed","着座話をメモに取る目線メモ固定"
"mot_00_22360","yes","confirmed","着座だんだん分からなくなる"
"mot_00_22370","yes","confirmed","着座やや偉そうな腕組み"
"mot_00_22380","yes","confirmed","着座居住まいをただす"
"mot_00_22390","yes","confirmed","着座顔の前で手を合わせ"
"mot_00_22391","yes","confirmed","着座顔の前で手を合わせる②梢用"
"mot_00_22392","yes","confirmed","着座顔の前で手を合わせる"
"mot_00_22400","yes","confirmed","駆け寄って着座→手元を覗きこもうとする"
"mot_00_22410","yes","confirmed","着座スマホ操作してたら詰め寄られて怯える"
"mot_00_22420","yes","confirmed","膝枕を受け入れる体勢"
"mot_00_22430","yes","confirmed","着座安心して右に倒れこむ"
"mot_00_22440","yes","confirmed","着座えいえいおー"
"mot_00_22450","yes","confirmed","一ヵ所をマッサージする"
"mot_00_22451","yes","confirmed","まんべんなくマッサージする"
"mot_00_22460","yes","confirmed","着座で不満げにマッサージを受ける"
"mot_00_22461","yes","confirmed","着座で気持ちよさそうにマッサージを受ける"
"mot_00_22470","yes","confirmed","着座つかれて座る"
"mot_00_22471","yes","confirmed","着座背もたれに寄りかかる"
"mot_00_22490","yes","confirmed","特殊着座女の子座りで驚く"
"mot_00_22500","yes","confirmed","特殊着座女の子座りで驚いたまま後ろに倒れる"
"mot_00_22510","yes","confirmed","特殊着座女の子座りで起き上がる"
"mot_00_22512","yes","confirmed","着座起き上がる"
"mot_00_22520","yes","confirmed","着座スマホを横にして持つ"
"mot_00_22521","yes","confirmed","着座で端末を横持ちする"
"mot_00_22522","yes","confirmed","着座スマホを横にして持つ"
"mot_00_22523","yes","no_comment",""
"mot_00_22530","yes","confirmed","着座小さく挙手する"
"mot_00_22540","yes","confirmed","着座顔の近くで拳を握る"
"mot_00_22550","yes","needs_review",""
"mot_00_22560","yes","confirmed","着座わざとらしいぶりっ子瑠璃乃"
"mot_00_22561","yes","confirmed","着座わざとらしくあざとく首をかしげる"
"mot_00_22590","yes","confirmed","着座足を上げてPCを触る"
"mot_00_22600","yes","confirmed","着座眠そうに目を擦る"
"mot_00_22610","yes","confirmed","着座陽気に応援する(ほぼセリフ当て撮り)"
"mot_00_22620","yes","confirmed","着座机上PCのエンターキーを押す"
"mot_00_22621","yes","confirmed","着座机（低め）上PCのエンターキーを押す"
"mot_00_22630","yes","confirmed","着座怒りで拳を震わせる"
"mot_00_22640","yes","confirmed","着座一礼"
"mot_00_22650","yes","confirmed","着座具合が悪そうに頭に手を当てる"
"mot_00_22660","yes","confirmed","着座横向きに立ち上がろうとする"
"mot_00_22671","yes","confirmed","着座頭を振った後に後ろに倒れる"
"mot_00_22680","yes","confirmed","着座紙を取り出す"
"mot_00_22690","yes","confirmed","着座テーブルからクッキーをつまむ"
"mot_00_22700","yes","confirmed","着座頬杖をつく"
"mot_00_22710","yes","confirmed","着座にっこにこ"
"mot_00_22720","yes","confirmed","着座頬のそばで軽く握る"
"mot_00_22730","yes","confirmed","着座少し首を傾げて拳を上げる"
"mot_00_22750","yes","confirmed","着座書類を正面から受け取って頷く"
"mot_00_22751","yes","confirmed","着座正面から紙を受け取って頷く2"
"mot_00_22760","yes","confirmed","着座恥ずかし気に頬をかく"
"mot_00_22770","yes","confirmed","着座顎に手を当てて深く悩む"
"mot_00_22771","yes","no_comment",""
"mot_00_22781","yes","confirmed","着座左手前を覗き込む"
"mot_00_22790","yes","confirmed","着座から机に手をついて勢いよく立ち上がる"
"mot_00_22800","yes","confirmed","着座スマホ見てがっくり"
"mot_00_22810","yes","confirmed","ギター弾く梢"
"mot_00_22811","yes","confirmed","着座リズムに合わせて揺れる"
"mot_00_22812","yes","confirmed","着座ギターを構える"
"mot_00_22820","yes","confirmed","着座背中を丸めてうつむく"
"mot_00_22821","yes","confirmed","両手で顔を覆う"
"mot_00_22822","yes","confirmed","顔を上げたあと左に身体を寄せる"
"mot_00_22830","yes","confirmed","右隣の花帆の背中に手を添える梢"
"mot_00_22831","yes","confirmed","慰めるように額を寄せる"
"mot_00_22840","yes","confirmed","着座寒さで一度大きく身震いする"
"mot_00_22850","yes","confirmed","着座紅茶をいただく"
"mot_00_22860","yes","confirmed","着座すこし俯いて目をこする"
"mot_00_22870","yes","confirmed","着座ドーナツを左から取って右に差し出す"
"mot_00_22880","yes","confirmed","着座目の前のドーナツにかじりつく"
"mot_00_22890","yes","needs_review",""
"mot_00_22891","yes","confirmed","着座胸元で手を重ねて深呼吸する"
"mot_00_22900","yes","confirmed","着座充電切れ"
"mot_00_22910","yes","confirmed","着座本を持ち上げて読み始める"
"mot_00_22920","yes","confirmed","着座大きく伸びをする"
"mot_00_22921","yes","confirmed","着座大きく伸びをする"
"mot_00_22930","yes","confirmed","着座ぐったりから立ち上がって配信を切る"
"mot_00_22940","yes","confirmed","配信終わりのばいめぐ⇒疲れ（慈）"
"mot_00_22941","yes","confirmed","配信終わり立ち上がって操作⇒疲れ"
"mot_00_22950","yes","confirmed","着座左側の手を腰に当てる"
"mot_00_22960","yes","confirmed","チョコを持って困ったような仕草(梢)"
"mot_00_22961","yes","confirmed","着座チョコ(小物)を両手で持つ"
"mot_00_22962","yes","confirmed","チョコを持ちあげる(綴理)"
"mot_00_22963","yes","confirmed","チョコを両手に持ってよろこぶ(花帆)"
"mot_00_22970","yes","confirmed","着座頭をかく"
"mot_00_22980","yes","confirmed","着座グーで胸を叩く"
"mot_00_22990","yes","confirmed","着座右に膝上のアルバムを見せる"
"mot_00_22991","yes","confirmed","着座左の膝上を覗き込む"
"mot_00_22992","yes","confirmed","着座左の膝上を覗き込む"
"mot_00_22993","yes","confirmed","着座右に膝上のアルバムを見せる前"
"mot_00_23000","yes","confirmed","着座問いかけ（ドドド風）"
"mot_00_23020","yes","confirmed","着座ワナワナと震えつつ荒く呼吸"
"mot_00_23030","yes","confirmed","瑠璃乃にくっつく"
"mot_00_23031","yes","confirmed","ゆるく両手を挙げて万歳"
"mot_00_23032","yes","confirmed","両手あげる"
"mot_00_23033","yes","no_comment",""
"mot_00_23034","yes","no_comment",""
"mot_00_23035","yes","no_comment",""
"mot_00_23040","yes","confirmed","着座顔の近くでピース"
"mot_00_23050","yes","confirmed","くっきー"
"mot_00_23051","yes","confirmed","くっきー"
"mot_00_23052","yes","confirmed","着座して小物を持つ"
"mot_00_23053","yes","confirmed","着座して小物を持つ"
"mot_00_23060","yes","confirmed","着座顔の横で親指を立てる"
"mot_00_23061","yes","confirmed","着座親指を立てる"
"mot_00_23070","yes","confirmed","手を振る"
"mot_00_23071","yes","confirmed","着座マイク片手に拳を挙げる"
"mot_00_23080","yes","confirmed","マイク片手に頬に指をあてて考える"
"mot_00_23081","yes","confirmed","マイクを片手に胸に手を当てる"
"mot_00_23082","yes","confirmed","両手でマイクを持って話す"
"mot_00_23083","yes","confirmed","マイクを持ちながらうつむくゆっくり"
"mot_00_23084","yes","confirmed","マイクを持って観客に耳を傾ける"
"mot_00_23090","yes","confirmed","沙知泣く"
"mot_00_23110","yes","confirmed","着座口元に握った手を当てて上品に笑う"
"mot_00_23111","yes","no_comment",""
"mot_00_23120","yes","confirmed","着座隣の花帆の頭を撫でる瑠璃乃"
"mot_00_23121","yes","confirmed","着座むくれる"
"mot_00_23122","yes","confirmed","着座隣の人の頭を撫でる"
"mot_00_23123","yes","confirmed","着座隣の人の頭を撫でる近め高め"
"mot_00_23130","yes","confirmed","着座わなわなと震える"
"mot_00_23140","yes","confirmed","着座手帳を取り出す"
"mot_00_23141","yes","confirmed","着座手帳を開いて落とし物をする"
"mot_00_23150","yes","confirmed","着座手帳の内容を確認する"
"mot_00_23160","yes","confirmed","着座刺繍に取り組む"
"mot_00_23170","yes","confirmed","着座から立ち上がり吟子の両肩に手を添える花帆"
"mot_00_23180","yes","confirmed","胸の前でバツ"
"mot_00_23190","yes","confirmed","特殊着座正座待機"
"mot_00_23191","yes","confirmed","特殊着座正座で三回頷く（セリフ合わせ）"
"mot_00_23192","yes","no_comment",""
"mot_00_23193","yes","confirmed","特殊着座正座お辞儀"
"mot_00_23200","yes","confirmed","着座紐を引っ張る"
"mot_00_23210","yes","confirmed","着座キーボードマウスに手を置く"
"mot_00_23211","yes","confirmed","着座構えからマウス操作／23210から再生前提"
"mot_00_23212","yes","confirmed","着座構えからコメント確認／23210から再生前提"
"mot_00_23213","yes","confirmed","着座キーマウで激しくゲーム"
"mot_00_23214","yes","confirmed","着座キーマウに手を置いたまま左右に揺れる"
"mot_00_23215","yes","confirmed","着座キーマウから拳を突き上げる"
"mot_00_23220","yes","needs_review",""
"mot_00_23230","yes","confirmed","着座敬礼"
"mot_00_23240","yes","confirmed","着座震えながらお茶を勧める／震え続けるループ"
"mot_00_23250","yes","confirmed","着座手を握って前のめり"
"mot_00_23260","yes","confirmed","着座涙を拭う"
"mot_00_23270","yes","confirmed","着座隣の人の涙を拭う"
"mot_00_23271","yes","confirmed","着座軽くうつむく（23270待機用)"
"mot_00_23280","yes","confirmed","着座隣の人を撫でる"
"mot_00_23281","yes","confirmed","着座頭を動かさず左を向く（23280合わせ用）"
"mot_00_23290","yes","confirmed","着座肘をついてうたた寝"
"mot_00_23300","yes","confirmed","着座机に伏す"
"mot_00_23301","yes","confirmed","着座顔を上げて右上を見る"
"mot_00_23302","yes","confirmed","着座うつむき"
"mot_00_23310","yes","confirmed","着座顔を上げずに机上の小物を取って渡す"
"mot_00_23320","yes","confirmed","着座胸を抑えつつよろっと立ち上がる"
"mot_00_23321","yes","confirmed","苦しそうに右に歩き出す"
"mot_00_23330","yes","confirmed","着座胸に拳を当てる(照れるさやか)"
"mot_00_23340","yes","confirmed","着座小さく挙手"
"mot_00_23350","yes","confirmed","頭に拳をこつんと当てるてへぺろポーズ"
"mot_00_23360","yes","confirmed","着座スマホを横持してゲーム"
"mot_00_23361","yes","confirmed","着座ゲームから腕を突き上げる"
"mot_00_23362","yes","confirmed","着座ゲームから小さめにガッツポーズ"
"mot_00_23370","yes","confirmed","着座スマホを横持してゲーム身体揺れ"
"mot_00_23371","yes","confirmed","着座ゲームから肩を落として落胆"
"mot_00_23372","yes","confirmed","着座スマホを横持ちしてゲーム"
"mot_00_23373","yes","no_comment",""
"mot_00_23380","yes","confirmed","着座膝上で両手でスマホを持つ"
"mot_00_23381","yes","confirmed","着座スマホの片側を右隣に差し出す"
"mot_00_23382","yes","confirmed","着座スマホを持ち上げてゲームに誘う"
"mot_00_23390","yes","confirmed","着座猫のマネ"
"mot_00_23400","yes","confirmed","着座口の前で驚いたように手を重ねる"
"mot_00_23410","yes","confirmed","着座瑠璃乃の頬に手を当てる"
"mot_00_23411","yes","confirmed","着座やや左を向いてうつむく"
"mot_00_23412","yes","confirmed","着座左を向いたまま顔を上げる"
"mot_00_23430","yes","confirmed","着座涙を拭う"
"mot_00_23440","yes","confirmed","手をさしだす"
"mot_00_23450","yes","confirmed","着座左に手招きする"
"mot_00_23460","yes","confirmed","着座机に手をついて覗き込む"
"mot_00_23480","yes","no_comment",""
"mot_00_23490","yes","confirmed","着座机のスマホを左手側から拾う"
"mot_00_23500","yes","confirmed","着座はさみで布を断つ構え"
"mot_00_23501","yes","confirmed","着座はさみで布を断つ"
"mot_00_23510","yes","confirmed","カモン"
"mot_00_23520","yes","confirmed","着座手を振る"
"mot_00_23530","yes","confirmed","着座風鈴作り綴理"
"mot_00_23531","yes","confirmed","着座風鈴作りさやか"
"mot_00_23532","yes","confirmed","着座風鈴作り小鈴"
"mot_00_23540","yes","confirmed","和菓子体験瑠璃乃"
"mot_00_23541","yes","confirmed","和菓子体験慈"
"mot_00_23542","yes","confirmed","和菓子体験姫芽"
"mot_00_23550","yes","confirmed","絵を描く梢／ループ"
"mot_00_23551","yes","confirmed","手招きして絵を見てもらう／23550から"
"mot_00_23560","yes","confirmed","絵を描く花帆／ループ"
"mot_00_23561","yes","confirmed","手招きに気づいて机を覗く／23560から"
"mot_00_23570","yes","confirmed","絵を描く吟子／ループ"
"mot_00_23571","yes","confirmed","手招きに気づいて机を覗く／23560から"
"mot_00_23581","yes","confirmed","八百萬体験花帆"
"mot_00_23590","yes","confirmed","着座うちわで扇ぐ"
"mot_00_23600","yes","confirmed","着座納得した感じで手のひらに拳をポン"
"mot_00_23610","yes","confirmed","着座机に突っ伏す"
"mot_00_23620","yes","confirmed","特殊着座額に腕を当てて寝ている"
"mot_00_23621","yes","confirmed","特殊着座ベッドから起き上がる"
"mot_00_23630","yes","confirmed","着座頭を押さえる"
"mot_00_23631","yes","no_comment",""
"mot_00_23660","yes","confirmed","着座泣くポーズ"
"mot_00_23670","yes","confirmed","ギター構え1"
"mot_00_23671","yes","confirmed","ギターを弾く手を震えさせる"
"mot_00_23672","yes","confirmed","ギター構え"
"mot_00_23673","yes","confirmed","ギターを一弾きする"
"mot_00_23674","yes","confirmed","着座ギターを持ったまま顔を上げる"
"mot_00_23676","yes","confirmed","ギター首斜め上"
"mot_00_23677","yes","no_comment",""
"mot_00_23680","yes","confirmed","着座縫う→指口元"
"mot_00_23690","yes","confirmed","着座食べるポーズ"
"mot_00_23691","yes","confirmed","着座食べる"
"mot_00_23700","yes","confirmed","着座右斜めに箸を伸ばす"
"mot_00_23701","yes","confirmed","着座左斜めに箸を伸ばす"
"mot_00_23710","yes","confirmed","着座周囲を見回す"
"mot_00_23711","yes","confirmed","着座周囲を見回す"
"mot_00_23720","yes","confirmed","着座指を指す"
"mot_00_23730","yes","confirmed","着座左手を上げて応援する"
"mot_00_23740","yes","confirmed","着座スマホを横にして見る"
"mot_00_23741","yes","confirmed","着座スマホを下ろして上を向く"
"mot_00_23750","yes","confirmed","特殊着座姫芽正座"
"mot_00_23751","yes","confirmed","特殊着座正座で段ボールを閉める"
"mot_00_23752","yes","confirmed","特殊着座正座で段ボールを閉めて上を向"
"mot_00_23760","yes","confirmed","着座頬杖をつく"
"mot_00_23761","yes","confirmed","着座頬杖"
"mot_00_23770","yes","confirmed","着座恍惚のポーズ"
"mot_00_23780","yes","confirmed","着座人差し指を合わせながらもじもじ"
"mot_00_23790","yes","confirmed","新・着座頷く"
"mot_00_23800","yes","confirmed","着座首を横に振る"
"mot_00_23810","yes","confirmed","着座ゆっくり手を挙げる"
"mot_00_23820","yes","confirmed","着座胸元で手を握る"
"mot_00_23830","yes","confirmed","着座執事のポーズ"
"mot_00_23840","yes","confirmed","着座胸元で手を握る"
"mot_00_23850","yes","confirmed","着座隣の視界をさえぎる"
"mot_00_23860","yes","confirmed","着座紙を取って見る(右前)"
"mot_00_23870","yes","confirmed","着座拍手する"
"mot_00_23880","yes","confirmed","着座うつむく⇒ハッとして顔を上げる"
"mot_00_23890","yes","confirmed","着座立ち→走る"
"mot_00_23900","yes","confirmed","着座背もたれにだらける"
"mot_00_23910","yes","confirmed","着座人差し指を立てて腕を突き出す"
"mot_00_23911","yes","confirmed","着座斜め上を指差す"
"mot_00_23920","yes","confirmed","着座右隣の頬を撫でる"
"mot_00_23930","yes","confirmed","着座左隣を見る"
"mot_00_23931","yes","confirmed","着座胸を撃ち抜かれて倒れる"
"mot_00_23940","yes","confirmed","着座拝む"
"mot_00_23950","yes","confirmed","着座顔の横でものを持つ"
"mot_00_23960","yes","confirmed","もたれる"
"mot_00_23961","yes","confirmed","もたれかかられる"
"mot_00_23970","yes","confirmed","着座顔を逸らす"
"mot_00_23980","yes","confirmed","着座机上のものを手元に持ってくる"
"mot_00_23981","yes","confirmed","着座机上のものを手元に持ってくる顔上げ"
"mot_00_23990","yes","confirmed","着座スカーフを広げる"
"mot_00_24000","yes","confirmed","着座力を込めてうつむく"
"mot_00_24010","yes","confirmed","着座姫のように手を差し出す／セラス側"
"mot_00_24011","yes","confirmed","着座差し出した手を支えに立ち上がる"
"mot_00_24012","yes","confirmed","騎士のように手を取る"
"mot_00_24020","yes","confirmed","着座正面机の上に手を伸ばす"
"mot_00_24030","yes","confirmed","着座通話しながらガッツポーズ"
"mot_00_24040","yes","confirmed","着座お辞儀②"
"mot_00_24041","yes","confirmed","着座頭を下げる"
"mot_00_24050","yes","confirmed","着座本を読む"
"mot_00_24051","yes","confirmed","着座本を下ろして左を見る"
"mot_00_24052","yes","confirmed","着座左に手をついて前のめり"
"mot_00_24060","yes","confirmed","着座手を合わせて右斜め下を向く"
"mot_00_24070","yes","confirmed","着座はさみで切る"
"mot_00_24080","yes","confirmed","着座写真を選ぶのに悩む"
"mot_00_24090","yes","confirmed","着座窓の外にくぎづけ"
"mot_00_24100","yes","confirmed","着座一眼レフカメラを正面に構える"
"mot_00_24101","yes","confirmed","着座一眼レフカメラを胸元に下ろす"
"mot_00_24102","yes","confirmed","着座一眼レフカメラを素早く左に構える"
"mot_00_24110","yes","confirmed","着座手のひらで遮る"
"mot_00_24120","yes","confirmed","着座から立ち上がって追いかける"
"mot_00_24121","yes","confirmed","着座から立ち上がって逃げる"
"mot_00_24130","yes","confirmed","着座遠くを見る"
"mot_00_24140","yes","confirmed","着座24141待機"
"mot_00_24141","yes","confirmed","着座横を見て頷いたあと立って正面に移る"
"mot_00_24150","yes","confirmed","着座右から抱きしめる"
"mot_00_24151","yes","confirmed","着座左から抱きしめる"
"mot_00_24160","yes","confirmed","着座のまま後ろを向く"
"mot_00_24161","yes","confirmed","着座正面に向きなおる"
"mot_00_24170","yes","confirmed","着座涙を拭う"
"mot_00_24180","yes","confirmed","着座机上のアルバムを撫でる"
"mot_00_24190","yes","confirmed","着座ティーカップの表面を覗く"
"mot_00_24200","yes","confirmed","着座こそこそ耳打ちする"
"mot_00_24210","yes","confirmed","着座腕章を取って机に置く"
"mot_00_24220","yes","confirmed","着座左の人の口をふさぐ"
"mot_00_24230","yes","confirmed","着座プイと顔をそらす"
"mot_00_24240","yes","confirmed","歩き入りして回転椅子に座る"
"mot_00_24241","yes","confirmed","着座スマホを取り出して食い入るように見る"
"mot_00_24242","yes","confirmed","着座スマホを胸に抱えて椅子にもたれる"
"mot_00_24250","yes","confirmed","着座口元で指を広げて笑う"
"mot_00_24260","yes","confirmed","着座スマホ見たあと眠そうに横になる"
"mot_00_24261","yes","confirmed","着座横から手をついて起き上がる"
"mot_00_24262","yes","confirmed","着座スマホ見たあと眠そうに横になる"
"mot_00_24270","yes","confirmed","着座ちぇすと"
"mot_00_24280","yes","confirmed","着座口元で手を重ねる"
"mot_00_24290","yes","confirmed","着座顔に手を当てて笑う"
"mot_00_24300","yes","confirmed","着座スマホを取り出して見る"
"mot_00_24301","yes","confirmed","着座スマホを正面に見せる"
"mot_00_24310","yes","confirmed","着座寄りかかる"
"mot_00_24311","yes","confirmed","着座寄りかかるように頭を寄せる"
"mot_00_24312","yes","confirmed","着座元に戻る"
"mot_00_24313","yes","confirmed","着座元に戻る"
"mot_00_24320","yes","confirmed","着座上半身を左にひねる"
"mot_00_24330","yes","confirmed","着座胸を押さえる"
"mot_00_24340","yes","confirmed","着座手を裏表にして慌てる"
"mot_00_24350","yes","confirmed","着座グータッチ1"
"mot_00_24351","yes","confirmed","着座グータッチ2"
"mot_00_24360","yes","confirmed","着座隣の人の手に手を重ねる"
"mot_00_24361","yes","confirmed","着座左を見る（手を置かれて反応する）"
"mot_00_24370","yes","confirmed","着座両手に持った紙を見比べる"
"mot_00_24380","yes","confirmed","着座回転拍手"
"mot_00_24390","yes","confirmed","着座横の人に紙を見せる"
"mot_00_24391","yes","confirmed","着座紙の方を見る"
"mot_00_24392","yes","confirmed","着座見せられた紙に書き込む"
"mot_00_24400","yes","confirmed","着座慌てて机の上に覆いかぶさる"
"mot_00_24410","yes","confirmed","着座頬に指を当てる"
"mot_00_24411","yes","confirmed","着座顎に指を当てる"
"mot_00_24412","yes","no_comment",""
"mot_00_24421","yes","confirmed","着座両手を首元できゅっと握る"
"mot_00_24422","yes","confirmed","着座片手を首元できゅっと握る"
"mot_00_24430","yes","confirmed","着座両手を握って胸の前で合わせる"
"mot_00_24440","yes","confirmed","着座人差し指を立てて得意げ"
"mot_00_24441","yes","no_comment",""
"mot_00_24450","yes","confirmed","着座隣の人を手で止める"
"mot_00_24460","yes","no_comment",""
"mot_00_24470","yes","confirmed","着座軽く握った手を偉そうに顎に当てる"
"mot_00_24471","yes","confirmed","着座顎に当てた手を外に振る"
"mot_00_24480","yes","no_comment",""
"mot_00_24481","yes","no_comment",""
"mot_00_24490","yes","no_comment",""
"mot_00_30010","yes","confirmed","片手をグッとする"
"mot_00_30011","yes","confirmed","両手を下の方で広げる"
"mot_00_30012","yes","confirmed","片足重心で立つ"
"mot_00_30020","yes","confirmed","さやか汎用1_両手を腰に当てる"
"mot_00_30021","yes","confirmed","さやか汎用2_顎に手を当てる"
"mot_00_30022","yes","confirmed","さやか汎用3_腰の前に手をおく（右）"
"mot_00_30023","yes","confirmed","さやか汎用2_顎に手を当てる腰捻り緩和"
"mot_00_30030","yes","confirmed","梢汎用1_立ち"
"mot_00_30031","yes","confirmed","梢汎用2_髪の毛を触る（左）"
"mot_00_30032","yes","confirmed","梢汎用3_胸の前で手を握る"
"mot_00_30040","yes","confirmed","綴理汎用1_胸を張る"
"mot_00_30041","yes","confirmed","綴理汎用2_腰の前に手を置く（左）"
"mot_00_30042","yes","confirmed","綴理汎用3_手をグーにして胸に寄せる（左）"
"mot_00_30050","yes","confirmed","瑠璃乃汎用1_片手を腰に当てる"
"mot_00_30051","yes","confirmed","瑠璃乃汎用2_顎に指を当ててやや前のめり"
"mot_00_30052","yes","confirmed","瑠璃乃汎用3_充電切れで肩を落として立つ"
"mot_00_30053","yes","confirmed","瑠璃乃汎用4_充電切れで片足重心で呆ける"
"mot_00_30054","yes","confirmed","瑠璃乃汎用1差分_片手を腰に当てる_腰捻り"
"mot_00_30055","yes","confirmed","瑠璃乃汎用2差分_頬に指を当てる"
"mot_00_30056","yes","confirmed","瑠璃乃汎用3差分_充電切れでぐったり立つ"
"mot_00_30057","yes","confirmed","瑠璃乃汎用4_充電切れで軽くのけぞる"
"mot_00_30060","yes","confirmed","慈汎用1_片手をあげて淑やかに"
"mot_00_30061","yes","confirmed","慈汎用2_両手を首元でかわいく握る"
"mot_00_30062","yes","confirmed","慈汎用3_片手をきゅっとして首を少しかしげる"
"mot_00_30063","yes","confirmed","手を後ろで組む"
"mot_00_30064","yes","confirmed","慈汎用1差分_片手をあげて少しのけぞる"
"mot_00_30065","yes","confirmed","慈汎用2差分_両手を首元で握る_背筋まっすぐ"
"mot_00_30066","yes","confirmed","慈汎用3差分_片手をきゅっと握る"
"mot_00_30067","yes","confirmed","手を後ろで組んで少し胸を張る"
"mot_00_30068","yes","confirmed","慈汎用3_片手マイクで手を上げつつ首をかしげる"
"mot_00_30069","yes","confirmed","慈汎用1_片手をあげて淑やかに左手物持ち"
"mot_00_30080","yes","confirmed","吟子汎用1_胸のあたりに手を置く"
"mot_00_30081","yes","confirmed","吟子汎用2_腕を下ろしてまっすぐ立つ"
"mot_00_30082","yes","confirmed","吟子汎用3_腰のあたりで手を重ねる"
"mot_00_30083","yes","confirmed","吟子汎用4_右の手を持ち上げて軽く握る"
"mot_00_30084","yes","confirmed","吟子汎用1差分_胸のあたりに手を置く腕上げ"
"mot_00_30090","yes","confirmed","小鈴汎用1_両手を握って胸の前で合わせる"
"mot_00_30091","yes","confirmed","小鈴汎用2_腕を畳んで持ち上げて縮む"
"mot_00_30092","yes","confirmed","小鈴汎用3_握った両手を肩の高さに上げる"
"mot_00_30093","yes","confirmed","小鈴汎用2_胸の前で不安そうに拳を握る"
"mot_00_30100","yes","confirmed","姫芽汎用1_人差し指を立てて得意げ"
"mot_00_30101","yes","confirmed","姫芽汎用2_右手をゆるっと持ち上げる"
"mot_00_30102","yes","confirmed","姫芽汎用3_腕を軽く広げてのけぞる"
"mot_00_30103","yes","confirmed","姫芽汎用4_後ろで手を組むやや前傾"
"mot_00_30110","yes","confirmed","立ち汎用_左の手で髪を耳にかける"
"mot_00_30111","yes","confirmed","立ち汎用_腰に手を当てる"
"mot_00_30112","yes","no_comment",""
"mot_00_30120","yes","confirmed","立ち汎用_胸に手を当てる"
"mot_00_30121","yes","confirmed","立ち汎用_胸の前で指先を合わせる"
"mot_00_30122","yes","confirmed","立ち汎用_顎に握った手を当てて上目遣い"
"mot_00_31010","yes","confirmed","カバン両手"
"mot_00_31040","yes","confirmed","カバン2"
"mot_00_31090","yes","confirmed","カバン7"
"mot_00_40000","yes","confirmed","前に歩き出る_キャラ座標から出発"
"mot_00_40001","yes","confirmed","前に早歩き出る_キャラ座標から出発"
"mot_00_40002","yes","confirmed","前に走り出る_キャラ座標から出発"
"mot_00_40003","yes","confirmed","前にとぼとぼ歩きだす_キャラ座標から出発"
"mot_00_40004","yes","confirmed","前に歩き出る長尺_キャラ座標から出発"
"mot_00_40010","yes","confirmed","後ろに歩き出る_キャラ座標から出発"
"mot_00_40011","yes","confirmed","後ろに早歩き出る"
"mot_00_40012","yes","confirmed","後ろに走り出る_キャラ座標から出発"
"mot_00_40013","yes","confirmed","後ろに走り出る_キャラ座標から出発_長尺"
"mot_00_40020","yes","confirmed","右に歩き出る_キャラ座標から出発"
"mot_00_40021","yes","confirmed","右に早歩き出る_キャラ座標から出発"
"mot_00_40022","yes","confirmed","右に走り出る_キャラ座標から出発"
"mot_00_40023","yes","confirmed","右にとぼとぼ歩きだす_キャラ座標から出発"
"mot_00_40030","yes","confirmed","左に歩き出る_キャラ座標から出発"
"mot_00_40031","yes","confirmed","左に早歩き出る_キャラ座標から出発"
"mot_00_40032","yes","confirmed","左に走り出る_キャラ座標から出発"
"mot_00_40033","yes","confirmed","左にとぼとぼ歩きだす_キャラ座標から出発"
"mot_00_40035","yes","confirmed","左に歩き出る_キャラ座標から出発"
"mot_00_40040","yes","confirmed","前に歩き入る_キャラ座標に到着"
"mot_00_40041","yes","confirmed","前に早歩き入る_キャラ座標に到着"
"mot_00_40042","yes","confirmed","前に走り入る_キャラ座標に到着"
"mot_00_40043","yes","confirmed","前にとぼとぼ歩き入る_キャラ座標に到着"
"mot_00_40044","yes","no_comment",""
"mot_00_40045","yes","no_comment",""
"mot_00_40050","yes","confirmed","右から歩き入り_キャラ座標に到着"
"mot_00_40051","yes","confirmed","右から早歩き入り_キャラ座標に到着"
"mot_00_40052","yes","confirmed","右から走り入り_キャラ座標に到着"
"mot_00_40053","yes","confirmed","右からとぼとぼ歩き入る_キャラ座標に到着"
"mot_00_40054","yes","confirmed","右から歩き入り_キャラ座標に到着"
"mot_00_40060","yes","confirmed","左から歩き入り_キャラ座標に到着"
"mot_00_40061","yes","confirmed","左から早歩き入り_キャラ座標に到着"
"mot_00_40062","yes","confirmed","左から走り入り_キャラ座標に到着"
"mot_00_40063","yes","confirmed","左からとぼとぼ歩き入る_キャラ座標に到着"
"mot_00_40064","yes","confirmed","左から歩き入り_キャラ座標に到着_紙持ち"
"mot_00_40070","yes","confirmed","元気よく人の背中を押しながら歩く_キャラ座標から出発"
"mot_00_40071","yes","confirmed","後ろから背中を押されながら歩く_キャラ座標から出発"
"mot_00_40072","yes","confirmed","右を向いて頷き前へ歩きだす_キャラ座標から出発"
"mot_00_40080","yes","confirmed","ステージに手を伸ばして止まる"
"mot_00_40081","yes","confirmed","一歩引いてうつむいて止まる"
"mot_00_40082","yes","confirmed","ステージにむかってはしる"
"mot_00_40090","yes","confirmed","前に歩き入る_原点に到着"
"mot_00_40100","yes","no_comment",""
"mot_00_40101","yes","no_comment",""
"mot_00_40110","yes","confirmed","前にちぇすと走り_キャラ座標から出発"
"mot_00_40111","yes","confirmed","前にちぇすと走り_キャラ座標に到着"
"mot_00_40112","yes","confirmed","ちぇすと走り座標から左へ"
"mot_00_40120","yes","confirmed","前に上機嫌姫芽歩き_キャラ座標から出発"
"mot_00_40121","yes","confirmed","前に上機嫌姫芽歩き_キャラ座標に到着"
"mot_00_40122","yes","confirmed","姫芽ふわふわ上機嫌歩き座標から左へ"
"mot_00_40123","yes","confirmed","右に上機嫌姫芽歩き_キャラ座標から出発"
"mot_00_40130","yes","confirmed","前に姫芽歩き_キャラ座標から出発"
"mot_00_40131","yes","no_comment",""
"mot_00_40140","yes","confirmed","慈ご機嫌ステップ"
"mot_00_40150","yes","confirmed","背中を向かせる瑠璃乃"
"mot_00_40151","yes","confirmed","瑠璃乃に動かされる慈"
"mot_00_40152","yes","confirmed","背中を押して歩く瑠璃乃"
"mot_00_40153","yes","confirmed","嫌々ながら背中を押されて歩く慈"
"mot_00_40160","yes","needs_review",""
"mot_00_40161","yes","confirmed","前に歩き入る_キャラ座標に到着"
"mot_00_40170","yes","confirmed","手を振って立ち去る"
"mot_00_40171","yes","confirmed","会釈して立ち去る"
"mot_00_40180","yes","confirmed","手前から歩き入り正面に振り返る"
"mot_00_40181","yes","no_comment",""
"mot_00_40190","yes","confirmed","前に歩き入る_キャラ座標に到着"
"mot_00_40200","yes","confirmed","肩を怒らせ歩き入り_キャラ座標に到着"
"mot_00_40210","yes","confirmed","傘を差して歩き入り⇒傘を差し出す"
"mot_00_40230","yes","confirmed","上機嫌に歩き続ける"
"mot_00_40231","yes","confirmed","上機嫌に歩き続ける⇒止まる"
"mot_00_40232","yes","confirmed","おそるおそる歩き続ける"
"mot_00_40233","yes","confirmed","おそるおそる歩き続ける⇒止まる"
"mot_00_40240","yes","confirmed","手を繋いで歩く花帆"
"mot_00_40241","yes","confirmed","手を繋いだまま立ち止まる花帆"
"mot_00_40242","yes","confirmed","手を繋いで歩く梢"
"mot_00_40243","yes","confirmed","手を繋いだまま立ち止まる梢"
"mot_00_40250","yes","confirmed","手前から歩き入りして明るく振り返る"
"mot_00_40260","yes","confirmed","メモを見ながら歩き入り梢"
"mot_00_40261","yes","confirmed","人の手元を見ながら歩き入り慈"
"mot_00_40270","yes","confirmed","カメラを肩に乗せて歩き出し"
"mot_00_40280","yes","confirmed","へとへと歩き出し"
"mot_00_40290","yes","confirmed","前に歩き出る長尺_キャラ座標から出発"
"mot_00_40291","yes","confirmed","前に歩き出る長尺_キャラ座標から出発"
"mot_00_40292","yes","confirmed","前に歩き出る長尺_キャラ座標から出発"
"mot_00_40300","yes","confirmed","アルバムを抱えたまま走り出す"
"mot_00_40310","yes","confirmed","左から歩き入りして着座"
"mot_00_40320","yes","confirmed","手を振りながら歩き去る"
"mot_00_40330","yes","confirmed","忍び歩きで歩き入り"
"mot_00_40340","yes","confirmed","見回しながら歩き入り"
"mot_00_40350","yes","confirmed","腕で顔を隠して右に走り去る"
"mot_00_40360","yes","confirmed","手を振って走り寄る_キャラ座標に入り"
"mot_00_40370","yes","confirmed","走りこんできて倒れるキャラ座標に到着"
"mot_00_40380","yes","confirmed","何度も振り返りつつ前に歩く"
"mot_00_40391","yes","no_comment",""
"mot_00_40392","yes","no_comment",""
"mot_00_40400","yes","confirmed","背中を押しながら歩く"
"mot_00_40401","yes","confirmed","背中を押されて歩き出す"
"mot_00_40410","yes","no_comment",""
"mot_00_40411","yes","no_comment",""
"mot_00_40412","yes","no_comment",""
"mot_00_40420","yes","no_comment",""
"mot_00_40421","yes","no_comment",""
"mot_00_40422","yes","no_comment",""
"mot_00_40423","yes","no_comment",""
"mot_00_40424","yes","no_comment",""
"mot_00_40425","yes","no_comment",""
"mot_00_40430","yes","no_comment",""
"mot_00_40431","yes","no_comment",""
"mot_00_40432","yes","no_comment",""
"mot_00_40433","yes","no_comment",""
"mot_00_40434","yes","no_comment",""
"mot_00_40435","yes","no_comment",""
"mot_00_40440","yes","no_comment",""
"mot_00_40441","yes","no_comment",""
"mot_00_40442","yes","no_comment",""
"mot_00_40443","yes","no_comment",""
"mot_00_40444","yes","no_comment",""
"mot_00_40445","yes","no_comment",""
"mot_00_40450","yes","no_comment",""
"mot_00_40451","yes","no_comment",""
"mot_00_40452","yes","no_comment",""
"mot_00_40453","yes","no_comment",""
"mot_00_41000","yes","confirmed","一歩後ろ待機"
"mot_00_41001","yes","confirmed","一歩前に出て原点に戻る"
"mot_00_41010","yes","confirmed","一歩前に待機"
"mot_00_41011","yes","confirmed","一歩後ろに歩いて原点に戻る"
"mot_00_41020","yes","confirmed","一歩右に待機"
"mot_00_41021","yes","confirmed","一歩右から原点に戻る"
"mot_00_41031","yes","no_comment",""
"mot_00_50020","yes","confirmed","マッサージをする"
"mot_00_50030","yes","confirmed","マッサージされる"
"mot_00_50040","yes","confirmed","足元をマッサージする"
"mot_00_50051","yes","confirmed","うつぶせ"
"mot_00_50060","yes","confirmed","花帆をなでる"
"mot_00_50070","yes","confirmed","仰向け"
"mot_00_50071","yes","confirmed","仰向け"
"mot_00_50080","yes","confirmed","仰向けから顔だけ右向き"
"mot_00_50090","yes","confirmed","顔だけ右向きから身体ごと左向き"
"mot_00_50100","yes","confirmed","身体ごと左から右向き"
"mot_00_50110","yes","confirmed","仰向けから顔だけ左向き"
"mot_00_50120","yes","confirmed","顔だけ左向きから身体ごと左向き"
"mot_00_50130","yes","confirmed","だいのじ"
"mot_00_50131","yes","confirmed","だいのじ"
"mot_00_50132","yes","confirmed","だいのじ"
"mot_00_50150","yes","confirmed","段ボール基本姿勢(体育座り)"
"mot_00_50151","yes","confirmed","ダンボール待機差分_うつむき体育座り"
"mot_00_50170","yes","confirmed","ダンボール否定"
"mot_00_50180","yes","confirmed","段ボール中腰待機"
"mot_00_50181","yes","confirmed","ダンボールぱかっと立ち上がり"
"mot_00_50191","yes","confirmed","段ボール被ったまま中腰で歩く"
"mot_00_50200","yes","confirmed","寝転がり待機（身体は縦）"
"mot_00_50201","yes","confirmed","寝転がり眩しい（身体は縦）"
"mot_00_50202","yes","needs_review",""
"mot_00_50210","yes","confirmed","立ちから寝転がりに行く（身体は縦のまま）"
"mot_00_50220","yes","confirmed","プランク梢"
"mot_00_50221","yes","confirmed","プランクさやか"
"mot_00_50222","yes","confirmed","プランク慈"
"mot_00_50223","yes","confirmed","プランク綴理"
"mot_00_50224","yes","confirmed","プランク下手瑠璃乃(腰が上がっている)"
"mot_00_50225","yes","confirmed","プランク下手花帆(腰が下がっている)"
"mot_00_50226","yes","confirmed","プランク梢から立ち上がる"
"mot_00_50227","yes","needs_review",""
"mot_00_50228","yes","confirmed","プランク下手花帆から潰れてから立ち上がる"
"mot_00_50230","yes","confirmed","着座から立ち上がったあと横に倒れる"
"mot_00_50231","yes","confirmed","横に倒れたところからゴロゴロする"
"mot_00_50232","yes","confirmed","横から大の字になる"
"mot_00_50233","yes","confirmed","大の字から上半身を起こす"
"mot_00_50234","yes","confirmed","上半身を起こした姿勢のまま手を顎下に持ってくる"
"mot_00_50240","yes","confirmed","特殊転ぶ"
"mot_00_50290","yes","confirmed","特殊寝て胸のあたりで手を組む"
"mot_00_50300","yes","confirmed","よーいドンでスタート1"
"mot_00_50301","yes","confirmed","よーいドンでスタート2"
"mot_00_50302","yes","confirmed","バトンタッチセラス"
"mot_00_50303","yes","confirmed","バトンタッチ花帆"
"mot_00_50304","yes","confirmed","ゴールして後ろを向く"
"mot_00_50305","yes","confirmed","ゴールして倒れこむ"
"mot_00_50320","yes","confirmed","小鈴ダンスバトル開幕一歩前に出る"
"mot_00_50321","yes","confirmed","小鈴ダンスバトルソロパート"
"mot_00_50322","yes","confirmed","さやかダンスバトルソロパート"
"mot_00_50323","yes","confirmed","小鈴ダンスバトルデュオパート"
"mot_00_50324","yes","confirmed","さやかダンスバトルデュオパート"
"mot_00_50325","yes","confirmed","小鈴ダンスバトルソロパート"
"mot_00_50330","yes","no_comment",""
"mot_00_50331","yes","no_comment",""
"mot_00_50332","yes","no_comment",""
"mot_00_50340","yes","no_comment",""
"mot_00_50341","yes","no_comment",""
"mot_00_50342","yes","no_comment",""
"mot_00_55000","yes","confirmed","バレエポーズ"
"mot_00_55010","yes","confirmed","吟子汎用2_腕を下ろしてまっすぐ立つ"
"mot_00_55020","yes","confirmed","傘を差す"
"mot_00_55030","yes","confirmed","RitM最後"
"mot_00_55040","yes","confirmed","ポットをもつ"
"mot_00_90100","yes","confirmed","アイドルステップ-とても下手"
"mot_00_90101","yes","confirmed","アイドルステップ-ぎこちない"
"mot_00_90102","yes","confirmed","アイドルステップ-腕を振る1"
"mot_00_90103","yes","confirmed","アイドルステップ-腕を振る2"
"mot_00_90110","yes","confirmed","ドリビリダンス-歌いだし"
"mot_00_90112","yes","confirmed","ドリビリダンス-サビ入り"
"mot_00_90113","yes","needs_review",""
"mot_00_90120","yes","confirmed","ダンス（ぷれふぇざサビ入り）／長尺"
"mot_00_90121","yes","confirmed","ダンス（ぷれふぇざサビ）／短尺"
"mot_00_90130","yes","confirmed","アイドルステップ2-動き激しめ"
"mot_00_90132","yes","confirmed","アイドルステップ"
"mot_00_90133","yes","confirmed","アイドルステップ"
"mot_00_90140","yes","confirmed","アイドルステップ-早め"
"mot_00_90150","yes","confirmed","LttF"
"mot_00_90151","yes","confirmed","LttF"
"mot_00_90152","yes","confirmed","LttFダンス-終わり吟子"
"mot_00_90153","yes","confirmed","LttF"
"mot_00_90154","yes","confirmed","LttF"
"mot_00_90155","yes","confirmed","LttFダンス-終わり小鈴"
"mot_00_90156","yes","confirmed","LttF"
"mot_00_90157","yes","confirmed","LttFダンス-終わり瑠璃乃"
"mot_00_90158","yes","confirmed","LttFダンス-終わり姫芽"
"mot_00_90160","yes","confirmed","LttFサビ後半吟子"
"mot_00_90161","yes","confirmed","LttFサビ後半小鈴"
"mot_00_90162","yes","confirmed","LttFサビ後半_姫芽"
"mot_00_90170","yes","confirmed","梢汎用1_立ち"
"mot_00_90171","yes","confirmed","花帆汎用1_片手をグッとする"
"mot_00_90172","yes","confirmed","吟子汎用1_胸のあたりに手を置く"
"mot_00_90173","yes","confirmed","綴理汎用2_腰の前に手を置く（左）"
"mot_00_90174","yes","confirmed","さやか汎用1_両手を腰に当てる"
"mot_00_90175","yes","confirmed","小鈴汎用1_両手を握って胸の前で合わせる"
"mot_00_90176","yes","confirmed","慈汎用4_手を後ろで組む"
"mot_00_90177","yes","confirmed","瑠璃乃汎用1_片手を腰に当てる"
"mot_00_90178","yes","confirmed","姫芽汎用4_後ろで手を組むやや前傾"
"mot_00_90180","yes","confirmed","小鈴アイドルステップから転ぶ"
"mot_00_90181","yes","confirmed","小鈴アイドルステップから転ぶ"
"mot_00_90182","yes","confirmed","さやかアイドルステップから支える"
"mot_00_90183","yes","confirmed","さやかアイドルステップから支える"
"mot_00_90300","yes","confirmed","歩き入り"
"mot_00_90301","yes","confirmed","立ちすくむ"
"mot_00_90302","yes","no_comment",""
"mot_00_90303","yes","confirmed","まえにすすむ"
"mot_00_90304","yes","no_comment",""
"mot_00_90305","yes","confirmed","立ち"
"mot_00_90310","yes","confirmed","通常喋り"
"mot_00_90311","yes","confirmed","手握る"
"mot_00_90315","yes","confirmed","うつむく"
"mot_00_90316","yes","confirmed","進もうとして躊躇する"
"mot_00_90317","yes","confirmed","しゃがむ"
"mot_00_90318","yes","confirmed","ガッツポーズ"
"mot_00_90321","yes","confirmed","うつむく"
"mot_00_90322","yes","confirmed","くびふる"
"mot_00_90323","yes","confirmed","うつむいてうなずく"
"mot_00_90325","yes","confirmed","顔をあげる"
"mot_00_90326","yes","confirmed","顔をあげる"
"mot_00_90327","yes","confirmed","顔をあげてしゃべる"
"mot_00_90328","yes","confirmed","ガッツポーズ"
"mot_00_90329","yes","confirmed","ガッツポーズでしゃべる"
"mot_00_90330","yes","confirmed","しゃべる"
"mot_00_90331","yes","confirmed","しゃべる"
"mot_00_90332","yes","confirmed","しゃべる"
"mot_00_90333","yes","confirmed","しゃべる、最後にガッツポーズ"
"mot_00_90334","yes","confirmed","しゃべる"
"mot_00_90335","yes","confirmed","しゃべる、最後にくびをふる"
"mot_00_90336","yes","confirmed","しゃべる"
"mot_00_90337","yes","confirmed","両手をふる"
"mot_00_90338","yes","confirmed","頭をかく"
"mot_00_90339","yes","confirmed","ガッツポーズ"
"mot_00_90340","yes","confirmed","ガーベラをひろう"
"mot_00_90341","yes","confirmed","かほたちあがる"
"mot_00_90342","yes","no_comment",""
"mot_00_90343","yes","no_comment",""
"mot_00_90344","yes","no_comment",""
"mot_00_90345","yes","no_comment",""
"mot_00_90346","yes","confirmed","両手をひろげる"
"mot_00_90347","yes","confirmed","片手をひろげる"
"mot_00_90348","yes","confirmed","一歩進んでガーベラを梢にさしだす"
"mot_00_90349","yes","confirmed","梢の手をにぎる"
"mot_00_90350","yes","needs_review",""
"mot_00_90351","yes","no_comment",""
"mot_00_90352","yes","no_comment",""
"mot_00_90353","yes","confirmed","涙ふく"
"mot_00_90354","yes","confirmed","ふりむく"
"mot_00_90355","yes","confirmed","ガーベラをみる"
"mot_00_90356","yes","no_comment",""
"mot_00_90357","yes","confirmed","両手をみる"
"mot_00_90360","yes","confirmed","通常喋り"
"mot_00_90361","yes","confirmed","くびふる"
"mot_00_90365","yes","confirmed","顔をあげる"
"mot_00_90366","yes","confirmed","うつむく"
"mot_00_90367","yes","confirmed","顔をあげる"
"mot_00_90368","yes","confirmed","顔をあげる"
"mot_00_90369","yes","confirmed","顔をあげる"
"mot_00_90370","yes","confirmed","立つ花帆をみあげる"
"mot_00_90371","yes","confirmed","立ち上がる"
"mot_00_90372","yes","confirmed","花帆の手を握る"
"mot_00_90373","yes","confirmed","立ち上がる梢を目で追う"
"mot_01_00010","yes","confirmed","通常立ち"
"mot_01_00020","yes","confirmed","通常喋り＞体右向き"
"mot_01_00030","yes","confirmed","右方向に移動する"
"mot_01_00050","yes","confirmed","驚く（小）"
"mot_01_00070","yes","confirmed","驚く（大）"
"mot_01_00080","yes","confirmed","驚く（全身）"
"mot_01_00100","yes","confirmed","怒る（中）"
"mot_01_00110","yes","confirmed","怒る（大）"
"mot_01_00130","yes","confirmed","喜ぶ（小）"
"mot_01_00150","yes","confirmed","喜ぶ（大）"
"mot_01_00210","yes","confirmed","笑う（小）"
"mot_01_00220","yes","confirmed","笑う（中）"
"mot_01_00230","yes","confirmed","笑う（大）"
"mot_01_00241","yes","confirmed","うつむくから右下を見る"
"mot_01_00250","yes","confirmed","うつむく（横方向）"
"mot_01_00251","yes","confirmed","うつむく（横方向回転緩和）"
"mot_01_00310","yes","confirmed","背中を見せて後ろで手を組む"
"mot_01_00330","yes","confirmed","両手に腰を当ててうなずく"
"mot_01_00350","yes","confirmed","手を振る指広げ"
"mot_01_00351","yes","confirmed","手を振るループ"
"mot_01_00360","yes","confirmed","大きく手を振る"
"mot_01_00370","yes","confirmed","やれやれ"
"mot_01_00380","yes","confirmed","引く・来ないで～"
"mot_01_00420","yes","confirmed","上を向く（右）"
"mot_01_00430","yes","confirmed","祈る"
"mot_01_00440","yes","confirmed","覗き込む"
"mot_01_00480","yes","confirmed","胸に手を置く（片手）"
"mot_01_00481","yes","confirmed","胸に手を置く（片手）マフラー用"
"mot_01_00482","yes","confirmed","胸の高め位置に手を置く"
"mot_01_00483","yes","confirmed","襟元(胸)に手を置く"
"mot_01_00490","yes","confirmed","胸に手を置く（両手）"
"mot_01_00520","yes","confirmed","否定する"
"mot_01_00540","yes","confirmed","腕を組む"
"mot_01_00550","yes","confirmed","首をかしげる"
"mot_01_00570","yes","confirmed","勢いよく手を上げる"
"mot_01_00600","yes","needs_review",""
"mot_01_00610","yes","confirmed","考える"
"mot_01_00630","yes","confirmed","額に手を当てて困る"
"mot_01_00640","yes","confirmed","ガッツポーズ（小）"
"mot_01_00650","yes","confirmed","ガッツポーズ（中）"
"mot_01_00690","yes","confirmed","こめかみ辺りを掻く（人差し指で）"
"mot_01_00700","yes","confirmed","頭をかく"
"mot_01_00701","yes","confirmed","頭をかく毛量"
"mot_01_00710","yes","confirmed","両手を腰に当てる"
"mot_01_00720","yes","confirmed","指さし（正面）"
"mot_01_00740","yes","confirmed","頬に手をそえる"
"mot_01_00800","yes","confirmed","あざといお願い"
"mot_01_00801","yes","confirmed","あざといお願い慈用"
"mot_01_00820","yes","confirmed","身体を少し右に揺らす"
"mot_01_00850","yes","confirmed","人差し指を合わせながらもじもじ"
"mot_01_00880","yes","confirmed","指折り数える"
"mot_01_00890","yes","confirmed","壮大に両手を上に広げる"
"mot_01_00940","yes","confirmed","腕を伸ばしてピースサイン"
"mot_01_01022","yes","confirmed","手のひらを見るポーズ片手胸元"
"mot_01_01030","yes","confirmed","膝に手を当ててかがむ"
"mot_01_01134","yes","confirmed","右側から勢いよく抱き着く"
"mot_01_01140","yes","confirmed","後頭部をなでる"
"mot_01_01141","yes","confirmed","後頭部をなでる（正面・近め）"
"mot_01_01142","yes","confirmed","後頭部をなでる"
"mot_01_01310","yes","confirmed","胸を手でたたく"
"mot_01_01320","yes","confirmed","トルソーを紹介する"
"mot_01_01321","yes","confirmed","スーツケースを両手で紹介する"
"mot_01_01340","yes","confirmed","さやか用の照れるモーション"
"mot_01_01350","yes","confirmed","咳払いをする"
"mot_01_01370","yes","confirmed","左にダッシュではける"
"mot_01_01390","yes","confirmed","こめかみを抑える"
"mot_01_01420","yes","confirmed","手を差し伸べて慌てる"
"mot_01_01430","yes","confirmed","顎に手を当てて近づく"
"mot_01_01450","yes","confirmed","スマホを見せる"
"mot_01_01452","yes","confirmed","紙を掲げて見せる"
"mot_01_01520","yes","confirmed","頬に人差し指をあてて考える"
"mot_01_01522","yes","confirmed","頬に人差し指をあてて考える貫通対策"
"mot_01_01530","yes","confirmed","頬に指を当てて首をかしげる"
"mot_01_01532","yes","confirmed","頬に指を当てる"
"mot_01_01533","yes","confirmed","頬に指を当てて首をかしげる慈対応"
"mot_01_01540","yes","confirmed","手を伸ばして引き止める（左）"
"mot_01_01550","yes","confirmed","片手を上げる"
"mot_01_01560","yes","confirmed","腕を掴んでうつむく（正面）"
"mot_01_01580","yes","confirmed","人差し指を立てる"
"mot_01_01600","yes","confirmed","胸元で手を握る（片手）"
"mot_01_01610","yes","confirmed","腕を掴んでうつむく（左）"
"mot_01_01620","yes","confirmed","後ろで手を組む（両手・左重心）"
"mot_01_01621","yes","confirmed","後ろで手を組む（両手・右重心）"
"mot_01_01630","yes","confirmed","後ろで腕を掴む"
"mot_01_01640","yes","no_comment",""
"mot_01_01650","yes","confirmed","腰に片手を当てる（左）"
"mot_01_01652","yes","confirmed","片手を腰に当てる（左）顔正面"
"mot_01_01660","yes","confirmed","両手を胸の前で握って立つ"
"mot_01_01670","yes","confirmed","両手を肩の前で握って立つ"
"mot_01_01680","yes","confirmed","ラブライブ立ち（手を後ろにやや胸を張る）"
"mot_01_01690","yes","no_comment",""
"mot_01_01710","yes","confirmed","右重心のラブライブ立ち"
"mot_01_01720","yes","confirmed","髪をかき上げるポーズ"
"mot_01_01730","yes","confirmed","えいえいおー"
"mot_01_01740","yes","confirmed","怯える"
"mot_01_01752","yes","confirmed","荒い呼吸2から親指を立てる"
"mot_01_01810","yes","confirmed","片足をかばう動作"
"mot_01_01830","yes","confirmed","左上に手を伸ばす"
"mot_01_01851","yes","confirmed","前に向かってこける"
"mot_01_01870","yes","confirmed","顎に手を当てて引く"
"mot_01_01910","yes","confirmed","引き留めるように小さく手を伸ばす"
"mot_01_01950","yes","confirmed","顔をこすって涙を拭く"
"mot_01_02070","yes","confirmed","引きづられる"
"mot_01_02071","yes","confirmed","引きづって歩いていく"
"mot_01_02081","yes","confirmed","手をお腹の前で合わせて首をかしげる"
"mot_01_02082","yes","confirmed","片手を頬に当てて首をかしげる"
"mot_01_02090","yes","confirmed","ちちんぷいぷい"
"mot_01_02100","yes","confirmed","お腹の前で祈る"
"mot_01_02101","yes","confirmed","左を向く"
"mot_01_02102","yes","confirmed","左を向く頭水平"
"mot_01_02103","yes","confirmed","左を向く左手マイク"
"mot_01_02110","yes","confirmed","腕まくりをする"
"mot_01_02120","yes","confirmed","拳をこめかみにあてる"
"mot_01_02130","yes","confirmed","軽めのため息"
"mot_01_02140","yes","confirmed","前のめりになる（ためる）"
"mot_01_02151","yes","confirmed","挙動不審に見回す"
"mot_01_02170","yes","confirmed","手を伸ばして引き止める（右）"
"mot_01_02180","yes","confirmed","驚く（横）"
"mot_01_02250","yes","confirmed","敬礼"
"mot_01_02251","yes","confirmed","敬礼2"
"mot_01_02260","yes","confirmed","首をかしげる（左）"
"mot_01_02270","yes","confirmed","片手を顔の近くで握りしめる（右）"
"mot_01_02280","yes","confirmed","両手を顎の下で重ねる"
"mot_01_02281","yes","confirmed","両手を顎の下で重ねる"
"mot_01_02290","yes","confirmed","顎に手を当てて首をかしげる（左）"
"mot_01_02291","yes","confirmed","顎に手を当てて首をかしげる（左）慈対応"
"mot_01_02292","yes","confirmed","顎に指を当ててやや前のめり慈対応"
"mot_01_02310","yes","confirmed","奥から怒り気味で歩いてくるさやか"
"mot_01_02372","yes","confirmed","上半身だけ右に振り向く"
"mot_01_02373","yes","confirmed","上半身だけ右に振り向く顎ひかない"
"mot_01_02420","yes","confirmed","振り返る"
"mot_01_02430","yes","no_comment",""
"mot_01_02460","yes","confirmed","驚いて振り向く"
"mot_01_02490","yes","confirmed","顎に手を当てる（片手）"
"mot_01_02500","yes","confirmed","画面を操作して動画を見せる"
"mot_01_02510","yes","confirmed","スマホを覗く"
"mot_01_02511","yes","no_comment",""
"mot_01_02520","yes","confirmed","汗をぬぐう"
"mot_01_02531","yes","confirmed","よろけた花帆を支える"
"mot_01_02651","yes","confirmed","3回ノック"
"mot_01_02730","yes","confirmed","右側をやや後ろからのぞき込む"
"mot_01_02812","yes","confirmed","正面の頭を撫でる高め"
"mot_01_02840","yes","confirmed","顎に手を当てて考える"
"mot_01_02851","yes","confirmed","顔を見合わせる右"
"mot_01_02852","yes","confirmed","顔を見合わせて止まる左"
"mot_01_02853","yes","confirmed","顔を見合わせて止まる右"
"mot_01_02880","yes","confirmed","左手で陽光を遮りながらやや上を見る"
"mot_01_02912","yes","confirmed","片手でグッド1回"
"mot_01_02920","yes","confirmed","耳打ちする"
"mot_01_02930","yes","confirmed","耳打ちを受ける"
"mot_01_02970","yes","confirmed","急に胸を抑える"
"mot_01_02980","yes","confirmed","座ってる人に耳打ちする"
"mot_01_03010","yes","confirmed","恥ずかしげに頬をかく"
"mot_01_03011","yes","confirmed","恥ずかしげに頬をかく身体揺れ抑制"
"mot_01_03090","yes","confirmed","左手でおいでおいでをする"
"mot_01_03200","yes","confirmed","両隣の人の肩を叩く"
"mot_01_03230","yes","confirmed","口元に手を当てて笑う"
"mot_01_03242","yes","confirmed","大判の封筒を見せてから机に置く"
"mot_01_03400","yes","confirmed","着座腕組み顔背け"
"mot_01_03420","yes","confirmed","左の手にスマホを持って通話する"
"mot_01_03421","yes","confirmed","頬に指を当てて首をかしげる慈対応"
"mot_01_03422","yes","confirmed","03421から03420に戻る"
"mot_01_03423","yes","confirmed","顔をこすって涙を拭く"
"mot_01_03424","yes","confirmed","03423から03420に戻る"
"mot_01_03431","yes","confirmed","指を顎に当てて控えめにとぼける"
"mot_01_03471","yes","confirmed","左を手で示す"
"mot_01_03490","yes","confirmed","卓上のものを前かがみでよく見る"
"mot_01_03510","yes","confirmed","拳を突き上げる(花帆)"
"mot_01_03511","yes","confirmed","おー！で拳を突き上げる"
"mot_01_03512","yes","confirmed","おー！で拳を突き上げる"
"mot_01_03513","yes","confirmed","拳を突き挙げる(綴理)"
"mot_01_03514","yes","confirmed","拳を突き上げる(瑠璃乃)"
"mot_01_03515","yes","confirmed","拳を突き上げる(慈)"
"mot_01_03516","yes","confirmed","拳を突き挙げる(花帆)横移動抑えめ"
"mot_01_03600","yes","confirmed","左の手に持った紙を眺める"
"mot_01_03630","yes","no_comment",""
"mot_01_03781","yes","confirmed","カニ歩き待機"
"mot_01_03782","yes","confirmed","右からカニ歩きで原点入り"
"mot_01_03783","yes","confirmed","横歩きの姿勢から耳打ち"
"mot_01_03790","yes","confirmed","上半身だけで左に振り返る"
"mot_01_03830","yes","confirmed","目元でピース"
"mot_01_03832","yes","no_comment",""
"mot_01_04091","yes","confirmed","勢いよく左に顔を背ける"
"mot_01_04111","yes","confirmed","腰から取り出す"
"mot_01_04130","yes","confirmed","胸元拳で左を見る"
"mot_01_04131","yes","confirmed","左を見て頷く"
"mot_01_04210","yes","confirmed","身体の右に隠したチョコを左に向けて見せる"
"mot_01_04280","yes","confirmed","俯く人に近づき肩に手を置く"
"mot_01_04281","yes","confirmed","輪に入れず俯いたあと肩を叩かれ顔を上げる"
"mot_01_04320","yes","confirmed","いかだを漕ぐループ"
"mot_01_04321","yes","confirmed","バランスを崩して転倒"
"mot_01_04330","yes","confirmed","水面から顔を出してゆっくり漂う"
"mot_01_04331","yes","confirmed","04330用しゃがみ待機"
"mot_01_04360","yes","confirmed","ザマスポーズ"
"mot_01_04491","yes","confirmed","ダンボールもってる"
"mot_01_04492","yes","confirmed","ダンボールもってる"
"mot_01_04502","yes","confirmed","拳を突き上げる(吟子)"
"mot_01_04530","yes","confirmed","正面に手を差し伸べる"
"mot_01_04690","yes","confirmed","向かって右の背中に手を添える"
"mot_01_04730","yes","confirmed","肘で左隣をつつく"
"mot_01_04750","yes","no_comment",""
"mot_01_04751","yes","no_comment",""
"mot_01_04790","yes","confirmed","クラッカーを撃ったあとのポーズ"
"mot_01_04851","yes","confirmed","抱き着かれたまま前を見る"
"mot_01_04861","yes","confirmed","口の前に広げた手を置く"
"mot_01_04891","yes","no_comment",""
"mot_01_04960","yes","confirmed","右隣の小鈴を励ます花帆"
"mot_01_04961","yes","confirmed","左の人に驚く"
"mot_01_04962","yes","no_comment",""
"mot_01_04980","yes","confirmed","ショックを受けてふらついたあと支えられる"
"mot_01_05060","yes","confirmed","横からひょっこり顔を出す"
"mot_01_05081","yes","confirmed","正面へ振り返る"
"mot_01_05082","yes","confirmed","後ろへ振り返る"
"mot_01_05090","yes","confirmed","顎にL字の指を当てる"
"mot_01_05120","yes","confirmed","こめかみに指を当てて悩む"
"mot_01_05151","yes","confirmed","机に倒れた人を心配する差分"
"mot_01_05200","yes","confirmed","ツッコミをいれる"
"mot_01_05310","yes","confirmed","料理をする"
"mot_01_05311","yes","confirmed","料理をしながら横を見る"
"mot_01_05380","yes","confirmed","口元で指を立てる"
"mot_01_05381","yes","confirmed","口の前で指を立てる"
"mot_01_05440","yes","confirmed","走り出そうと構える"
"mot_01_05460","yes","confirmed","かがんで首をかしげる"
"mot_01_05470","yes","confirmed","右下を見ながら頷く"
"mot_01_05471","yes","confirmed","右下を見ながら話す"
"mot_01_05472","yes","confirmed","右下を見ながら指差し"
"mot_01_05530","yes","confirmed","抱きとめる"
"mot_01_05535","yes","no_comment",""
"mot_01_05601","yes","no_comment",""
"mot_01_05660","yes","confirmed","指を立ててちっちっちと振る"
"mot_01_05690","yes","confirmed","頬横でピース（顔正面）"
"mot_01_05890","yes","confirmed","偉そうに顎に軽く握った手を当てる"
"mot_01_05891","yes","confirmed","顎に当てた手を外に向けて振る"
"mot_01_05900","yes","confirmed","苦しみ震えながら手を伸ばす"
"mot_01_05910","yes","confirmed","手のひらで差し示す"
"mot_01_05920","yes","confirmed","袖を掴んで揺らす"
"mot_01_05921","yes","confirmed","袖を掴まれて揺らされる"
"mot_01_05922","yes","no_comment",""
"mot_01_05950","yes","confirmed","手を差し出すADV並び"
"mot_01_05951","yes","confirmed","差し出した手を取られてキスされるADV並び"
"mot_01_05952","yes","confirmed","差し出された手を取ってキスをするADV並び"
"mot_01_05960","yes","confirmed","手をマイクにしてインタビュー"
"mot_01_05970","yes","no_comment",""
"mot_01_06031","yes","confirmed","座っている人の頭を撫でる"
"mot_01_06050","yes","confirmed","頭痛をこらえる"
"mot_01_06320","yes","confirmed","驚いて左を向く"
"mot_01_06580","yes","no_comment",""
"mot_01_06900","yes","confirmed","左の手にスマホを持って通話する"
"mot_01_06902","yes","confirmed","スマホ画面をタップして停止"
"mot_01_07070","yes","confirmed","木の枝を持って見守る"
"mot_01_07071","yes","confirmed","木の枝を持って首を振る"
"mot_01_07450","yes","no_comment",""
"mot_01_07490","yes","no_comment",""
"mot_01_20100","yes","confirmed","着座頬杖"
"mot_01_20180","yes","confirmed","着座身振り手振りで話しかける（左）"
"mot_01_20181","yes","confirmed","着座身振り手振りで話しかける（左）_腕下げ"
"mot_01_20190","yes","confirmed","着座腕組み顔背け"
"mot_01_20210","yes","confirmed","着座腕組み"
"mot_01_20220","yes","confirmed","着座指を立てる"
"mot_01_20230","yes","confirmed","着座手を前に出す"
"mot_01_20240","yes","confirmed","着座首をかしげる"
"mot_01_20260","yes","confirmed","着座考える"
"mot_01_20280","yes","confirmed","着座通話する"
"mot_01_20370","yes","confirmed","ぎこちないピース姿"
"mot_01_20390","yes","confirmed","スマホを見る"
"mot_01_20395","yes","no_comment",""
"mot_01_20396","yes","confirmed","スマホを見る"
"mot_01_20411","yes","no_comment",""
"mot_01_20412","yes","no_comment",""
"mot_01_20420","yes","confirmed","スマホをのぞき込む（右）"
"mot_01_20440","yes","confirmed","着座顎に手をあてて首をかしげる（右）"
"mot_01_20450","yes","confirmed","着座両手を下ろしてがっかり"
"mot_01_20470","yes","confirmed","着座手を振りながら至近距離で覗き込む"
"mot_01_20490","yes","confirmed","着座指折り数える"
"mot_01_20510","yes","confirmed","着座否定する"
"mot_01_20550","yes","confirmed","着座笑う（小）"
"mot_01_20560","yes","confirmed","着座喜ぶ（小）"
"mot_01_20590","yes","confirmed","着座ガッツポーズ（小）"
"mot_01_20600","yes","confirmed","着座ガッツポーズ（中）"
"mot_01_20630","yes","confirmed","着座あざといお願い"
"mot_01_20640","yes","confirmed","着座こめかみ辺りを掻く（人差し指で）"
"mot_01_20660","yes","confirmed","着座驚く（小）"
"mot_01_20680","yes","confirmed","着座驚く（全身）"
"mot_01_20700","yes","needs_review",""
"mot_01_20710","yes","confirmed","着座うつむく（下方向）"
"mot_01_20720","yes","confirmed","着座うつむく（左横方向）"
"mot_01_20750","yes","confirmed","着座口元に手をあてて笑う"
"mot_01_20760","yes","needs_review",""
"mot_01_20770","yes","confirmed","着座両手を腰に当てる"
"mot_01_20780","yes","confirmed","着座胸に手を置く（片手）"
"mot_01_20781","yes","confirmed","着座胸に指を揃えて手を置く"
"mot_01_20800","yes","confirmed","着座胸に手を置く（両手）"
"mot_01_20960","yes","confirmed","着座顎に手をあてる（片手）"
"mot_01_20961","yes","confirmed","着座顎に手をあてる（片手）_腕調整"
"mot_01_20970","yes","confirmed","着座人差し指を頬にあてる"
"mot_01_20980","yes","confirmed","着座襟元に手をおく（片手）"
"mot_01_20990","yes","confirmed","着座手を膝の上におく（片手）"
"mot_01_21000","yes","confirmed","着座両手をおろしてかたむく（右）"
"mot_01_21010","yes","confirmed","着座髪の毛を触る（左）"
"mot_01_21030","yes","confirmed","着座腕を掴む（左）"
"mot_01_21040","yes","confirmed","着座買い物かごを持つポーズ（左）"
"mot_01_21061","yes","confirmed","着座襟元で手を握って首をかしげる（両手）"
"mot_01_21070","yes","confirmed","着座軽めのため息"
"mot_01_21090","yes","confirmed","着座首をかしげる(左)"
"mot_01_21110","yes","confirmed","着座上を見る(左上)"
"mot_01_21111","yes","needs_review",""
"mot_01_21112","yes","confirmed","着座上を見る(左上) 手下ろし"
"mot_01_21130","yes","confirmed","着座挙手（右）"
"mot_01_22111","yes","confirmed","立ち上がって驚く（片手）"
"mot_01_22160","yes","confirmed","着座 （なだめる+）スマホを見せる"
"mot_01_22161","yes","confirmed","着座スマホを自分の右後ろ上に見せる"
"mot_01_22170","yes","confirmed","着座首をかしげる（左/手降ろしたver.）"
"mot_01_22220","yes","confirmed","着座スマホを片手に見ながら驚く（口元に手を当てる）"
"mot_01_22270","yes","confirmed","着座スマホを見る"
"mot_01_22440","yes","confirmed","着座えいえいおー"
"mot_01_22540","yes","confirmed","着座顔の近くで拳を握る"
"mot_01_22550","yes","confirmed","着座引き留めるように手を伸ばす"
"mot_01_22600","yes","confirmed","着座眠そうに目を擦る"
"mot_01_22650","yes","confirmed","着座具合が悪そうに額に手を当てる"
"mot_01_22660","yes","confirmed","着座横向きに立ち上がろうとする"
"mot_01_22670","yes","confirmed","着座頭を振ったあと後ろに倒れる"
"mot_01_22701","yes","confirmed","着座頬杖をつく（反対の手を机上に置く）"
"mot_01_22730","yes","confirmed","着座少し首を傾げて拳を上げる"
"mot_01_22760","yes","confirmed","着座恥ずかし気に頬をかく"
"mot_01_22770","yes","confirmed","着座顎に手を当てて深く悩む"
"mot_01_22781","yes","confirmed","着座左手前を覗き込む"
"mot_01_22830","yes","confirmed","着座右隣の人の背中に手を当てる"
"mot_01_22871","yes","confirmed","着座ドーナツを取り出して左隣に差し出す"
"mot_01_22900","yes","confirmed","着座充電切れ"
"mot_01_22970","yes","confirmed","着座頭をかく"
"mot_01_22991","yes","confirmed","着座左隣の膝上を覗き込む"
"mot_01_22992","yes","confirmed","着座左隣の膝上を覗き込む腕伸ばし"
"mot_01_23040","yes","confirmed","着座顔の近くでピース"
"mot_01_23110","yes","confirmed","着座口元に握った手を当てて上品に笑う"
"mot_01_23170","yes","confirmed","着座から立ち上がり両肩に手を添えに行く"
"mot_01_23220","yes","needs_review",""
"mot_01_23230","yes","confirmed","着座敬礼"
"mot_01_23281","yes","confirmed","着座頭を動かさず左を向く（23280合わせ用）"
"mot_01_23411","yes","confirmed","着座やや左を向いてうつむく"
"mot_01_23440","yes","confirmed","着座手を差し伸べる"
"mot_01_23450","yes","confirmed","着座大きく伸びをする"
"mot_01_23490","yes","confirmed","着座机のスマホを左手側から拾う"
"mot_01_23520","yes","no_comment",""
"mot_01_23630","yes","confirmed","着座頭を押さえる"
"mot_01_23640","yes","confirmed","着座隣を肘でつつく"
"mot_01_23820","yes","confirmed","着座胸元で手を握る"
"mot_01_23840","yes","confirmed","着座胸元で手を握る"
"mot_01_23860","yes","confirmed","着座紙を取って見る(右前)"
"mot_01_23910","yes","confirmed","着座人差し指を立てて腕を突き出す"
"mot_01_23912","yes","no_comment",""
"mot_01_23950","yes","confirmed","着座顔の横でものを持つ"
"mot_01_23960","yes","confirmed","着座左にもたれかかる"
"mot_01_23961","yes","needs_review",""
"mot_01_24030","yes","confirmed","着座通話しながらガッツポーズ"
"mot_01_24051","yes","confirmed","着座本を下ろして左を見る"
"mot_01_24090","yes","no_comment",""
"mot_01_24141","yes","confirmed","着座横を見て頷いたあと立って正面に移る"
"mot_01_24160","yes","confirmed","着座のまま後ろを向く"
"mot_01_24250","yes","confirmed","着座口元で指を広げて笑う"
"mot_01_24300","yes","no_comment",""
"mot_01_24301","yes","no_comment",""
"mot_01_24320","yes","no_comment",""
"mot_01_24361","yes","confirmed","着座真横左を見る"
"mot_01_30010","yes","confirmed","花帆汎用1_片手をグッとする"
"mot_01_30011","yes","confirmed","花帆汎用2_両手を下の方で広げる"
"mot_01_30012","yes","confirmed","花帆汎用3_片足重心"
"mot_01_30021","yes","confirmed","さやか汎用2_顎に手を当てる"
"mot_01_30022","yes","confirmed","さやか汎用3_腰の前に手をおく（右）"
"mot_01_30023","yes","confirmed","さやか汎用2_顎に手を当てる腰捻り緩和"
"mot_01_30030","yes","confirmed","梢汎用1_立ち"
"mot_01_30031","yes","confirmed","梢汎用2_髪の毛を触る（左）"
"mot_01_30032","yes","confirmed","梢汎用3_胸の前で手を握る"
"mot_01_30040","yes","confirmed","綴理汎用1_胸を張る"
"mot_01_30041","yes","confirmed","綴理汎用2_腰の前に手を置く（左）"
"mot_01_30042","yes","confirmed","綴理汎用3_手をグーにして胸に寄せる（左）"
"mot_01_30050","yes","confirmed","瑠璃乃汎用1_片手を腰に当てる"
"mot_01_30051","yes","confirmed","瑠璃乃汎用2_顎に指を当ててやや前のめり"
"mot_01_30054","yes","confirmed","瑠璃乃汎用1差分_片手を腰に当てる_腰捻り"
"mot_01_30055","yes","confirmed","瑠璃乃汎用2差分_頬に指を当てる"
"mot_01_30060","yes","confirmed","慈汎用1_片手をあげて淑やかに"
"mot_01_30062","yes","confirmed","慈汎用3_片手をきゅっとして首を少しかしげる"
"mot_01_30063","yes","confirmed","慈汎用4_手を後ろで組む"
"mot_01_30064","yes","confirmed","慈汎用1差分_片手をあげて少しのけぞる"
"mot_01_30066","yes","confirmed","慈汎用3差分_片手をきゅっと握る"
"mot_01_30080","yes","confirmed","吟子汎用1_胸のあたりに手を置く"
"mot_01_30082","yes","confirmed","吟子汎用3_腰のあたりで手を重ねる"
"mot_01_30083","yes","confirmed","吟子汎用4_右の手を持ち上げて軽く握る"
"mot_01_30084","yes","confirmed","吟子汎用1差分_胸のあたりに手を置く腕上げ"
"mot_01_30093","yes","confirmed","小鈴汎用2_胸の前で不安そうに拳を握る"
"mot_01_30100","yes","confirmed","姫芽汎用1_人差し指を立てて得意げ"
"mot_01_30110","yes","confirmed","立ち汎用_左の手で髪を耳にかける"
"mot_01_30111","yes","confirmed","立ち汎用_腰に手を当てる"
"mot_01_30121","yes","confirmed","立ち汎用_胸の前で指先を合わせる"
"mot_01_31010","yes","confirmed","カバン両手"
"mot_01_40010","yes","confirmed","後ろに歩き出る_キャラ座標から出発"
"mot_01_40012","yes","confirmed","後ろに走り出る_キャラ座標から出発"
"mot_01_40013","yes","confirmed","後ろに走り出る_キャラ座標から出発"
"mot_01_40020","yes","confirmed","左に歩き出る_キャラ座標から出発"
"mot_01_40021","yes","confirmed","右に早歩き出る_キャラ座標から出発"
"mot_01_40022","yes","no_comment",""
"mot_01_40030","yes","confirmed","左に歩き出る_キャラ座標から出発"
"mot_01_40032","yes","confirmed","左に走り出る_キャラ座標から出発"
"mot_01_40170","yes","confirmed","手を振りつつ退出する"
"mot_01_40180","yes","confirmed","手前から歩き入り正面に振り返る"
"mot_01_40181","yes","confirmed","手前から走り入り正面に振り返る"
"mot_01_40392","yes","no_comment",""
"mot_01_40401","yes","confirmed","背中を押されて歩き出す"
"mot_01_41020","yes","confirmed","一歩右に待機"
"mot_01_41021","yes","confirmed","一歩右から原点に戻る"
"mot_01_50070","yes","confirmed","仰向け"
"mot_01_50071","yes","confirmed","仰向け_呼吸アリ"
"mot_01_50080","yes","confirmed","仰向けから顔だけ右向き"
"mot_01_50090","yes","confirmed","顔だけ右向きから身体ごと左向き"
"mot_01_50100","yes","confirmed","身体ごと左から右向き"
"mot_01_50133","yes","confirmed","だいのじ（だいのじ首を横）"
"mot_01_50310","yes","confirmed","しゃがみ込んで落ち込む"
"mot_01_50311","yes","confirmed","しゃがみ込んで落ち込むから顔上げる"
"mot_02_00050","yes","confirmed","驚く（小・新）"
"mot_02_00060","yes","confirmed","驚く（中）"
"mot_02_00070","yes","confirmed","驚く（大・新）"
"mot_02_00100","yes","confirmed","怒る（中・新）"
"mot_02_00110","yes","confirmed","怒る（大・新）"
"mot_02_00260","yes","confirmed","一度頷く"
"mot_02_00350","yes","confirmed","手を振る指広げ"
"mot_02_00370","yes","confirmed","やれやれ"
"mot_02_00380","yes","confirmed","引く・来ないで～驚いて"
"mot_02_00390","yes","confirmed","前のめりになる"
"mot_02_00391","yes","confirmed","前のめりになる左手マイク"
"mot_02_00410","yes","confirmed","涙をぬぐう"
"mot_02_00420","yes","confirmed","上を向く（右）"
"mot_02_00550","yes","confirmed","首をかしげる"
"mot_02_01750","yes","confirmed","荒い呼吸"
"mot_02_01930","yes","confirmed","にっこにこ"
"mot_02_01931","yes","confirmed","にっこにこ"
"mot_02_02080","yes","confirmed","手をお腹の前で合わせる"
"mot_02_02100","yes","confirmed","お腹の前で祈る"
"mot_02_02170","yes","confirmed","手を伸ばして引き止める（右）"
"mot_02_22110","yes","confirmed","両手を口元に当てて驚く"
